datetime,title,content,url
2018-09-25 10:34,借力世航大会 广州白云机场推进国际航空枢纽建设,2018(第24届)世界航线发展大会于9月16日至18日在广州琶洲会展中心召开。来自全球100多个国家的航空公司、机场管理机构、政府及旅游机构的3500多名嘉宾代表参与了盛会。将为广东民航高质量发展、白云机场（600004）国际航空枢纽建设步入快车... ,http://stock.10jqka.com.cn/20180925/c607277557.shtml
2018-09-18 08:36,白云机场酝酿三年破8000万吞吐量 大湾区竞合“让市场说了算”,本报记者高江虹广州报道 导读 广州市委书记张硕辅表示，“我们力争到2035年，广州航空枢纽年吞吐量达到1.2亿——1.4亿人次，国际旅客中转率达到35%以上。” 9月16-18日，被誉为全球民航界“奥运会”和“世博会”的2018年世界航线发展大会(简... ,http://stock.10jqka.com.cn/20180918/c607175508.shtml
2018-09-16 21:36,世航会开幕：白云机场计划未来三年每年新开10条欧美长航线,9月16日，2018年世界航线发展大会在广东省广州市开幕。 广东省委常委、广州市委书记张硕辅在开幕式上致辞表示，广州民航业具有良好基础，白云国际机场已成为中国三大航空枢纽机场之一，去年旅客吞吐量居全球第13位。“力争到2035... ,"http://finance.eastmoney.com/news/1354,20180916946620348.html"
2018-09-16 17:01,白云机场获批新时刻 年内吞吐量或突破7000万人次,T2启用后，白云机场拥有2座航站楼、3条跑道。 2018(第24届)世界航线发展大会于9月16日至18日在广州琶洲会展中心召开。白云机场股份公司董事长秋嘉臣在会后接受采访时透露，白云机场T2航站楼投入使用后，有更多的桥位、机位和航站... ,"http://finance.eastmoney.com/news/1354,20180916946589454.html"
2018-09-16 13:48,受台风“山竹”影响 广州白云机场16日12时到17日8时停航,根据中央气象台最新预报，风王“山竹”将于9月16日傍晚前后在广东台山到阳江一带沿海登陆（14-15级，42-48米/秒，强台风级）。 虽然目前“山竹”尚未登陆，但广州、深圳等城市已是狂风暴雨。与此同时，各地也进入台风警戒状态。 《每日经济... ,http://stock.jrj.com.cn/2018/09/16134425096287.shtml
2018-09-06 18:54,广州白云机场推出自助办理临时乘机证明服务,广州白云机场（600004）临时乘机证明办理进入一键智能时代，旅客只需在设备上输入身份证号码并进行人脸识别扫描，40秒即可完成数据读取、图像采集、身份验证、信息比对、证件办理全套流程。 近日，白云机场T1、T2航站楼分别“上线”临时乘机... ,http://stock.10jqka.com.cn/20180906/c607000130.shtml
2018-08-30 18:55,广东警方推新措：40秒可完成临时乘机证明办理流程,广州白云机场临时乘机证明自助办理点 索有为 摄 中新网广州8月30日电 (索有为 王爱晓 刘城君)在广州白云机场，乘客用40秒即可完成临时乘机证明办理流程。广东省公安厅30日发布消息称，广东警方利用科技手段改进白云机场临时... ,http://finance.sina.com.cn/roll/2018-08-30/doc-ihikcahh2151421.shtml
2018-08-17 16:17,白云机场2018年半年度董事会经营评述,8月18日消息，白云机场（600004）2018年半年度董事会经营评述内容如下： 一、经营情况的讨论与分析 报告期内，白云机场完成飞机起降23.46万架次，旅客吞吐量3422.70万人次，货邮吞吐量89.49万吨，分别同比增长3.5%、7.2%和6.4%。 1.枢... ,http://yuanchuang.10jqka.com.cn/20180817/c606577964.shtml
2018-08-17 15:41,财报速递：白云机场半年度净利7.03亿 同比下降10%,8月17日，白云机场（600004）发布2018年半年报，公司2018年1-6月实现营业收入37.21亿元，同比增长15.77%；机场航运行业平均营业收入增长率为12.18%；归属于上市公司股东的净利润7.03亿元，同比下降9.97%，机场航运行业平均净利润增长... ,http://yuanchuang.10jqka.com.cn/20180817/c606577256.shtml
2018-08-17 15:03,名誉权案引出“巡视整改台账“：白云机场否认真实性,近日，广州白云国际机场股份有限公司(以下简称“白云机场（600004）”)与媒体之间的名誉纠纷一案，在广州市人和人民法庭第四审判庭开庭。 《中国经营报》记者了解到，在庭审过程中，媒体提交一份名为“(广东)省委第十一巡视组巡视反馈意见分... ,http://stock.10jqka.com.cn/20180817/c606575961.shtml
2018-08-16 23:28,广州白云机场商航基地预计将年起降飞机一万架次,中新网广州8月16日电 (王华 李功成)记者16日从广州市空港委了解到，预计至2024年，白云机场商务航空服务基地(FBO)可满足商务飞机年起降10000架次。 白云机场商务航空服务基地(FBO)是广州临空经济示范区产业落地的首批重大项... ,http://finance.sina.com.cn/roll/2018-08-16/doc-ihhvciiw1833180.shtml
2018-07-17 19:59,兴全基金再度踩雷领益智造 两天浮亏超4700万,读创说市|兴全基金成“踩雷王” 读创财经 今年对于兴全基金或许真是流年不利。根据不完全统计，截至目前，今年兴全基金已遭遇黄河旋风、退市吉恩、白云机场、东江环保、中兴通讯、领益智造等多只个股黑天鹅事件，上述... ,http://finance.sina.com.cn/money/fund/2018-07-17/doc-ihfkffam5003221.shtml
2018-07-06 16:29,美的中央空调大型冷水机组入驻国内单体最大智慧空港――广州白云国际机场T2航站楼,近期，中国单体面积最大的广州白云机场（600004）T2航站楼正式投入使用，美的中央空调不仅是本项目所有冷水机组的唯一供货商，同时也为T2航站楼提供了空气处理机组及智能远程集中控制系统，为整个白云机场T2航站楼提供一站式智能空调解决方... ,http://stock.10jqka.com.cn/20180706/c605525252.shtml
2018-06-27 07:12,白云机场今年旅客吞吐量有望突破7000万人次,6月26日，在广州市政府组织召开的新闻发布会上，白云机场（600004）董事长邱嘉臣介绍，随着今年4月白云机场二号航站楼和综合交通中心正式投入使用，白云机场2018年旅客吞吐量有望突破7000万人次。 今年1月1日-6月24日，白云机场累计起降航班... ,http://stock.10jqka.com.cn/20180627/c605311701.shtml
2018-06-26 03:13,机场建设费取消返还 白云机场营收或骤降,6月15日，白云机场(600004.SH)、北京首都机场股份(0694.HK)以及拥有海口美兰机场的航基股份(0357.HK)同时发布公告，宣布在当天收到了中国民航局转发的文件，文件是财政部2018年5月29日下发的《财政部关于取消民航发展基金用于首都... ,"http://finance.eastmoney.com/news/1354,20180626894631879.html"
2018-06-22 17:51,3秒“刷脸”乘车！广电运通为白云机场提供智能出行解决方案,手机购票，现场快捷取票，3秒“刷脸”过闸乘车，机场搭乘大巴就是这么方便!在白云机场T2航站楼的综合交通中心，旅客可以搭乘机场大巴去往市区以及珠三角其他城市。广电运通在这里提供了包括“机场云平台”“智能售取票机”“人脸识别... ,http://sc.stock.cnfol.com/ggzixun/20180622/26591134.shtml
2018-06-22 02:03,白云机场取消民航基金返还 券商预计明年业绩降两成,"取消民航发展基金返还计入企业收入的消息公开后，白云机场(600004,诊股)2019年净利润或将减少7亿元的市场预估让公司股价连踩两个跌停板，6月21日，公司股价继续微跌1%，收盘价为14.82元/股。 取消基金返还计入收入后，白云机场将执行与其它... ",http://stock.jrj.com.cn/2018/06/22020224712396.shtml
2018-06-21 19:07,《沪╱深股通》贵州茅台为沪股通十大成交活跃股榜首,港交所(00388)公布，今日「沪股通」额度已用 0.82%，「深股通」已用额度-2.43%。 「沪股通」首十大成交活跃股列表 股份名称(编号)买入金额卖出金额净买入+╱净卖出- (百万人民币)(百万人民币)(百万人民币) ----------------------... ,"http://finance.eastmoney.com/news/1354,20180621892780997.html"
2018-06-21 18:28,白云机场两个跌停后巨量换手 兴全基金兴业证券叫苦,中国经济网北京6月21日讯白云机场（300225.SZ）今日巨量换手，截至发稿报15.02元，涨幅0.33%。成交额为9.24亿元，换手率为3.01%。此前，白云机场连续两个交易日跌停。6月19日白云机场报收16.63元，跌幅10.01%。6月20日白云... ,http://finance.sina.com.cn/roll/2018-06-21/doc-ihefphqk7469665.shtml
2018-06-21 16:10,取消民航发展基金补贴 白云机场连续两日跌停,6月15日，中国民用航空局财务司转发财政部通知，取消民航发展基金用于广州白云机场、北京首都机场、海口美兰机场等上市机场返还作企业收入处理的政策。受此消息影响，白云机场、北京首都机场股份、航基股份股价大跌，白云机场连续... ,"http://finance.eastmoney.com/news/1354,20180621892660433.html"
2018-06-21 07:12,民航发展基金取消返还，给三大机场砸出了一个什么样的坑？,三大机场股价暴跌的背后，有很多信息值得被挖掘。 6月19日，一则民航发展基金取消返还的消息让三大机场股价被斩得措手不及。白云机场(600004.SH)走出了两个跌停板，北京首都机场股份(00694)及航基股份(0035... ,http://finance.sina.com.cn/stock/hkstock/ggscyd/2018-06-21/doc-ihefphqk6173464.shtml
2018-06-20 22:00,白云机场：枢纽价值长期向好,近日，白云机场(600004)收到中国民用航空局财务司转发的财政部通知，取消民航发展基金在白云机场等三家上市机场直接返还作企业收入处理的政策，并执行与其他机场同等政策。对此，白云机场表示，此项政策变化将对白云机场业绩有较... ,"http://finance.eastmoney.com/news/1354,20180620891880162.html"
2018-06-19 12:07,[异动]民航发展基金取消返还机构降目标价 首都机场（00694.HK）暴跌近三成,上周五，中国民用航空局通知取消民航发展基金用于首都机场（00694.HK）、白云机场（600004.SH）、美兰机场（现改名为：航基股份，00357.HK）等三家上市机场返还作企业收入处理政策，受此消息冲击，首都机场股份大跌近3成，航基股份跌逾10%，... ,https://www.gelonghui.com/news/detail.html?id=117331
2018-06-19 11:42,[大行评级]大和：降首都机场(00694.HK)评级至“沽售”目标价下调至7.5港元,格隆汇19日讯，大和发表研究报告，指民航局转发财政部通知，取消民航发展基金用於三家上市机场返还作为企业收入处理的政策，当中包括北京首都机场(00694.HK)股份(00694.HK)、以及白云机场(600004.SH)及海航基础(00357.HK)旗下海南美兰机场，... ,https://www.gelonghui.com/news/detail.html?id=117325
2018-06-08 06:36,粤博文创进机场 一改高冷面孔,广东省博物馆首家体验馆进驻白云机场二号航站楼。 体验店展出的文创产品。 文创 产品 色彩斑斓的广彩碗，栩栩如生的小鸟屏风，还有古色古香的零钱包……这些年博物馆一改高冷面孔，开始用各种手段连接公众，几百岁、几千岁的文物变得时尚又年轻，吸引越来... ,http://www.sohu.com/a/234526010_161795
2018-06-04 16:33,白云机场实时指挥背后的光纤KVM坐席协作解决方案,4月26日，经过5年的施工建设，广州白云国际机场T2航站楼正式启用。T2航站楼是白云机场（600004）最新建设的航站楼，航站区总面积88.07万平方米，其中，T2航站楼建筑面积65.87万平方米、交通中心面积22.2万平方米，设计年旅客吞吐量为4500万... ,http://stock.10jqka.com.cn/20180604/c604858004.shtml
2018-05-26 03:04,白云机场T2提升旅客出行体验 非航业务将成下一个爆点,随着T2航站楼全面启用，白云机场(600004)再次引起资本市场的关注。白云机场方面在昨日召开的年度股东大会上，T2航站楼的启用提升了旅客出行的体验，智能化设备居多，对比T1航站楼，商业规划资源配置也较多。除了保持稳定增长的吞... ,"http://finance.eastmoney.com/news/1354,20180526878015013.html"
2018-05-19 23:18,南航转场广州白云机场T2：预计两年后吞吐量世界第五,南航转场广州 白云机场 T2：预计两年后吞吐量世界第五 澎湃新闻记者姚晓岚来源：澎湃新闻 广州白云机场未来将配合主基地公司南航，大力拓展南航欧美航线，加厚南航传统固有东南亚、大洋洲、非洲航线，预计到2020年达到8000... ,http://finance.sina.com.cn/roll/2018-05-19/doc-ihaturfs9355416.shtml
2018-05-19 15:50,入驻广州新航站楼 南航双枢纽建设提速,5月19日，广州白云国际机场T2航站楼全面启用，南方航空（600029.SH）等12家航空公司转场至T2航站楼运营。 加上此前第一批入驻广州T2的四家航空公司，5月19日转场后，在T2运行的航空公司共16家。 作为白云机场的主基地公司，南航将承担T2航站楼90%以上的旅... ,http://www.yicai.com/news/5424484.html
2018-05-19 14:15,南航进驻白云机场T2 南北“双枢纽”建设提速,南航进驻白云机场T2 南北“双枢纽”建设提速 21世纪经济报道 21财经APP 彭苏平 广州报道 新的航站楼比原先的航站楼大一倍有余，南航将承担90%以上的旅客运输量。 5月19日起，南方航空和南航系的重庆航空、四川航空、河北航... ,http://finance.sina.com.cn/roll/2018-05-19/doc-ihaturfs7055930.shtml
2018-05-08 05:51,广州加速建设国际航空枢纽,广州加速建设国际航空枢纽 本报记者 庞彩霞 建设国际航空枢纽，广州又有大动作。日前，国内最大的单体航站楼——广州白云国际机场T2航站楼正式投入使用，白云国际机场正式迈入“双子楼”运营时代。随着2号航站楼的投入使用... ,http://finance.sina.com.cn/roll/2018-05-08/doc-ihacuuvu7734459.shtml
2018-05-03 16:05,白云机场：2020年机场旅客吞吐能力达8000万人次/年,白云机场(600004)董事会秘书戚耀明在本次活动上回答投资者提问时表示，《广东省综合交通运输体系发展“十三五”规划》提出，“十三五”时期，广东将重点打造“5+4”骨干机场，白云机场重点建设国际航空枢纽机场，构建覆盖全球的国... ,"http://finance.eastmoney.com/news/1354,20180503866544892.html"
2018-05-03 15:54,[路演]白云机场：2020年机场旅客吞吐能力达8000万人次/年,全景网5月3日讯 “携手构建互信共赢投资者关系——2018广东辖区上市公司投资者关系管理月 投资者集体接待日”活动周四下午在全景·路演天下举办，白云机场（600004）董事会秘书戚耀明在本次活动上回答投资者提问时表示，《广东省综合交... ,http://www.p5w.net/kuaixun/201805/t20180503_2118752.htm
2018-05-02 13:41,华为联手白云机场打造更安全“智慧机场” 促进粤港澳大湾区发展,日前广州白云国际机场的二号航站楼已经建成并已通过验收，将于4月26日正式启用。相对于原有航站楼，新航站楼在软硬件方面都进行了大幅升级，更加智慧，将为乘客带来更加安全、便捷、舒适的乘机体验。其中，国内最大云服务提供商之一的华为为... ,http://stock.10jqka.com.cn/20180502/c604208469.shtml
2018-04-26 08:16,珠三角新干线机场选址佛山高明，携白云机场建世界级航空枢纽,近日，白云机场T2航站楼全面启用！“通透、开阔、明亮”是许多人踏入T2航站楼出发大厅的第一印象！ 到底有多大多好？ 2号航站楼建筑面积为65.87万平米，设计容量为年旅客量4500万人次。 航站楼内大规模推行智能服务设备：3分钟完成自助行李托... ,http://www.thepaper.cn/newsDetail_forward_2096908
2018-04-23 21:04,白云机场T2航站楼26日启用，南航系航空公司将分批进驻,白云机场2号航站楼4月26日正式启用，南航旗下的厦门航空以及沙特航空、肯尼亚航空、印尼鹰航空等三家外航首批进驻，4月26日后南航系航空公司将分批进驻T2。凡购买这四家航空公司4月26日及以后时间机票的旅客，请预留足够时间前往2号航站楼办理... ,http://www.thepaper.cn/newsDetail_forward_2092218
2018-04-20 20:21,广州白云机场2号航站楼26日启用 首批4家航司进驻,广州白云机场2号航站楼自助行李托运设备 郭军 摄 中新网广州4月20日电 (记者 郭军)记者20日从广州白云机场（600004）获悉，该机场全新的2号航站楼已符合启用条件，将于4月26日投入使用。白云机场即将迈入“双子楼”运营时代。 与此同时，中... ,http://stock.10jqka.com.cn/20180420/c604049519.shtml
2018-04-20 20:07,白云机场：去年净利同比增14% 拟10派2.4元,白云机场(600004)4月20日晚间披露年报及一季报，2017年实现营收67.62亿元，同比增长9.65%；净利15.96亿元，同比增长14.49%；每股收益0.82元。公司拟每10股派现2.4元(含税)。今年一季度实现净利润4.33亿元，同比增6.12%。 (责任编... ,"http://finance.eastmoney.com/news/1354,20180420860979046.html"
2018-04-20 19:22,白云机场年报净利增14% 拟10派2.4元,"中国证券网讯（记者 孔子元）白云机场披露年报。2017年，公司实现主营业务收入6,761,550,874.37元，同比增长9.65%；归属于上市公司股东的净利润为1,595,784,592.59元，同比增长14.49%。公司年报拟10派2.4元。公司今年一... ",http://finance.sina.com.cn/stock/t/2018-04-20/doc-ifznefkf7908047.shtml
2018-04-20 18:55,财报速递：白云机场去年全年净利15.96亿 同比增长14%,4月20日，白云机场（600004）发布2017年年报，公司2017年1-12月实现营业收入67.62亿元，同比增长9.65%；机场航运行业平均营业收入增长率为12.09%；归属于上市公司股东的净利润15.96亿元，同比增长14.49%，机场航运行业平均净利润增长... ,http://yuanchuang.10jqka.com.cn/20180420/c604044774.shtml
2018-04-17 11:11,白云机场迎来旅客高峰 单日客流量近5万人次,白云机场迎来旅客高峰 单日客流量近5万人次 2018年04月17日 11:10来源：羊城晚报 第123届广交会昨日开幕，记者从白云出入境边防检查站了解到，连日来，广州白云机场口岸出入境的外籍旅客明显增多，高峰单日客流量近5万人次。 白云边检站介绍，... ,http://news.hongzhoukan.com/18/0417/gql111026.html
2018-04-16 09:30,跨境电商“特殊区域出口”海关监管模式落地广州,日前，一批国产日用品从白云机场综合保税区出发，经广州海关隶属白云机场海关监管后，最终运往国外消费者手上。这标志着跨境电商“特殊区域出口”海关监管模式正式落地广州，广州海关实现了“网购保税进口”、“直购进口”、“一般出口... ,http://news.mysteel.com/18/0416/09/5888616F43C3C692.html
2018-03-20 05:19,T2航站楼4月开业 白云机场谋转型,[摘要] 全球机场的营收模式正处于变革浪潮中，来自国际机场协会的数据显示，全球范围内机场，非航收入在其总收入中的占比为40％，并且这个比例还在逐年提高。 时代周报记者 吴平 发自广州 每一次飞白云机场，南方航空机长王亮都忍不住皱眉，... ,http://stock.stockstar.com/JC2018032000000176.shtml
2018-03-15 09:28,白云机场96158服务热线上线,大洋网讯 3月15日，白云机场客服全面升级，（020）96158服务热线正式上线，旅客均可免费拨打。在省内的旅客可以直接拨打96158，在省外的旅客拨打需加拨020(区号）后再拨96158。 不仅如此，白云机场官方网站、微信、微博、邮箱、AP... ,http://news.sina.com.cn/c/2018-03-15/doc-ifyshpfv8454535.shtml
2018-03-14 21:57,广州白云机场“春风行动”再提速 96158服务热线正式上线,中新网广州3月14日电 (记者 郭军)广州白云机场客服全面升级，(020)96158服务热线15日起将正式上线。 记者14日从广州白云机场了解到，这是继今年“春风行动”启动以来，白云机场提升服务又一新举措。市民除了拨打电话，还可通过网... ,http://news.sina.com.cn/o/2018-03-14/doc-ifyshfnf9451014.shtml
2018-03-12 23:56,白云机场春运40天迎送旅客超800万人次,大洋网讯 白云机场3月12日晚间公布今年春运数据：2018年2月1日至3月12日，白云机场迎送旅客量超过800万人次，日平均达到20万，与2017年春运同比增长5.9%。 在40天的春运中，客流量最多的一天是2月21日，当天旅客人数超过22万人次... ,http://news.sina.com.cn/c/2018-03-12/doc-ifysfaic2441114.shtml
2018-03-02 04:12,T2航站楼128台自助值机设备“候命”,广东省机场管理集团昨日回应了广东“民声热线”节目组收集的“民声十问”。据介绍，白云机场将持续提升全流程自助便利程度及扩大覆盖范围。白云机场还将积极探讨提升拖头车等重要特种设备的调度准确性，进一步提升行李提取效率。 ... ,http://news.sina.com.cn/s/2018-03-02/doc-ifyrztfz6285641.shtml
2018-02-28 04:14,机场广式服务温暖万千旅客,今年春运，白云机场平均每天大约有1300架次航班起降，平均每天超过20万旅客进出。去年，白云机场的旅客吞吐量达到6584万人次，同比增长10.2%，增速在国内前六大机场中排名第一。今年4月26日，白云机场二号航站楼计划启用，白云机... ,http://news.sina.com.cn/c/2018-02-28/doc-ifyrvnsx0282948.shtml
2018-02-27 22:46,白云机场广式服务获点赞 春风行动暖人心,大洋网讯 一架架飞机起起落落，空中之路将广州和全球城市快速连接起来。 今年春运以来，白云机场平均每天大约有1300架次航班起降，平均每天超过20万旅客进出。去年，白云机场的旅客吞吐量达到6584万人次，比上年增长10.2%，增速在... ,http://news.sina.com.cn/c/2018-02-27/doc-ifyrzinf9887864.shtml
2018-02-27 19:38,白云机场第二航楼4月启用，地铁同步通！购物爽过东京机场,备受关注的白云机场二号航站楼 将计划在4月26日启用 机场北地铁站 将与T2航站楼同步开放 新航楼开通后 不但可缓解 行李等候时间长等问题 还会带来很好的购物体验 分分钟不输东京、伦敦等国际机场 今日中午，广州白云机场总经济师... ,http://news.sina.com.cn/o/2018-02-27/doc-ifyrvnsx0111526.shtml
2018-02-27 19:07,好消息！机场北地铁站与二号航站楼同步启用 老广出行更加方便,备受关注的白云机场二号航站楼 将计划在4月26日启用 机场北地铁站 将与T2航站楼同步开放 新航楼开通后 不但可缓解 行李等候时间长等问题 还会带来很好的购物体验 分分钟不输东京、伦敦等国际机场 今日中午，广州白云机场总经济师... ,http://news.sina.com.cn/o/2018-02-27/doc-ifyrvaxf1820980.shtml
2018-02-27 16:11,广州白云机场二号航站楼拟4月26日启用,中新网广州2月27日电 (记者 郭军)记者27日从广东省机场集团获悉，备受外界瞩目的广州白云机场二号航站楼计划于4月26日正式启用。届时，崭新设计的二号航站楼将与一号航站楼融为一体，成为该机场新的“双子航站楼”。 据了解，二号... ,http://news.sina.com.cn/o/2018-02-27/doc-ifyrvaxf1723758.shtml
2018-02-23 15:32,广州白云机场今年春运接送国际旅客人次创历史新高,中新社广州2月23日电 (记者 郭军)据广州白云机场23日通报，自2月1日春运启动以来至22日，在21天的春运中，白云机场已累计完成航班起降2.84万架次，接送旅客418万人次。其中，国际旅客103.8万人次，日平均5万人次，与2017年春运同... ,http://news.sina.com.cn/o/2018-02-23/doc-ifyrvaxe9308764.shtml
2018-02-22 10:36,机场、南站高峰期等的士最快十分钟“搞掂”,大洋网讯 昨日，记者从广州市交委获悉，为保障返程回家的广大旅客得到及时有效的疏运，特别是保证深夜抵达白云机场、火车南站等重要枢纽站场旅客能及时方便回家，市交通部门在体育中心等区域开展“如约巴士/机场巴士/地铁二号线+... ,http://news.sina.com.cn/c/2018-02-22/doc-ifyrvaxe8555916.shtml
2018-02-12 23:07,广州白云机场节前客流高峰强势不减 单日破21万人次,白云机场春运服务大使为旅客提供服务 陈佳 摄 中新网广州2月12日电 (记者 郭军)据广州白云机场12日通报，春运进入第12天，该机场全天计划进出港航班1394班，其中进港694班，出港700班，预计全天接送旅客人数保持在20万人次以上。... ,http://news.sina.com.cn/o/2018-02-12/doc-ifyrkrva8099171.shtml
2018-02-09 16:22,春节与情人节重叠 白云机场货站鲜花运输猛增,春节与情人节重叠 白云机场货站鲜花运输猛增 吴嘉慧 摄 中新网广州2月9日电 (郭军 罗莹 吴嘉慧)由于今年春节与情人节重叠，年货和鲜花成为近期航空货物运输主角。记者9日从广州白云机场了解到，自2月1日起春运首周，白云机场国内... ,http://news.sina.com.cn/o/2018-02-09/doc-ifyrkzqr0709029.shtml
2018-02-08 23:36,春运第一周白云机场接送旅客136.9万人次,大洋网讯 春运进入第8天，白云机场全天计划进出港航班1391班，其中出港699班，进港692班。春运第一周共接送旅客136.9万人次，其中国际旅客占比25.3%。即日起至14日，白云机场正式进入节前春运客流高峰期，预计2月12日-13日将迎来... ,http://news.sina.com.cn/c/2018-02-08/doc-ifyrkzqr0201332.shtml
2018-02-05 13:08,白云机场调整货车通行范围,大洋网讯 广东省公安厅机场公安局交通管理支队发布通告，本月起，调整货车在广州白云国际机场道路的通行范围：全天禁止黄牌货车在白云机场航站区和南工作区道路通行；每天8:00~22:00，禁止蓝牌货车在白云机场航站区通行。 据了解... ,http://news.sina.com.cn/c/2018-02-05/doc-ifyremfz5180445.shtml
2018-02-04 11:06,书法剪纸大师献艺为机场旅客送祝福,书法艺术家正在即场创作。通讯员供图 大洋网讯 记者昨日获悉，为让往来的旅客更好感受节日氛围，昨日，白云机场举办“繁花如画之笔墨写新春”活动，请来了一群书法大师和剪纸艺术家现场挥毫泼墨，为旅客送上春节的祝福。新年期间... ,http://news.sina.com.cn/c/2018-02-04/doc-ifyremfz4666646.shtml
2018-02-03 09:26,春运第二天：列车航班昨零晚点 遮风挡雨一路暖心,2018年2月1日，广州火车站的执勤人员在为乘客指路。广报全媒体记者陈忧子 摄 大洋网讯 广州市春运办通报，截至昨日18时，广州火车站、东站、南站实时人数统计分别为2.4万、1.6万、3.4万人次，三个车站旅客候乘秩序正常，晚点0个车... ,http://news.sina.com.cn/c/2018-02-03/doc-ifyreuzn2063751.shtml
2018-01-31 08:39,白云出租汽车公司安排1.2万车次运力保障春运出行,南方日报讯 （记者/余秋亮 通讯员/邝雅丽）2018年春运大幕即将正式开启。笔者30日从广州公交集团白云出租汽车公司获悉，该司将组织1.2万车次的巡游出租车在白云机场、火车东站、地铁2号线沿线等重要站场及重点位置进行运力保障工... ,http://news.sina.com.cn/c/2018-01-31/doc-ifyqyqni5764790.shtml
2018-01-30 10:47,白云机场或接送旅客819万,大洋网讯 2018春运大幕即将开启，时间为2月1日至3月12日（共计40天），其间白云机场预计起降航班5.49万架次、接送旅客约819万人次，同比分别增长5.17%和8.2%，将创历年春运新高。 今年春运期间，白云机场预计起降航班5.49万架次，... ,http://news.sina.com.cn/c/2018-01-30/doc-ifyqyesy4124769.shtml
2018-01-26 13:46,多地暴雪 白云机场航班运行正常,大洋网讯 昨日，全国暴雪寒潮双预警齐发，湖南、河南、安徽、江苏、浙江等地部分地区有暴雪，导致多趟列车停运，相关机场发布航班延误预警。记者从白云机场获悉，该机场航班运行正常，总体影响不大。 据了解，当日，白云机场阴天... ,http://news.sina.com.cn/c/2018-01-26/doc-ifyqyesy2153639.shtml
2018-01-25 15:43,,【上证e互动】“昭和罗曼史” 提问：T2是推迟开吗 公司官方回答：目前公司T2各项启用工作仍按原时间进行推进。谢谢！ ,http://sns.sseinfo.com/qadetail.do?weiboId=309508
2018-01-21 11:55,白云机场晋升“六千万级机场俱乐部” 广州海关助力升级,中新网广州1月21日电 (唐贵江 苏镁怡)记者21日从广州海关获悉，2017年广州加快建设国际航空枢纽又向前迈进了一大步，白云机场口岸旅客吞吐量超过6500万次，成功晋升到世界“六千万级机场俱乐部”之列。其中国际旅客增量尤为明显，... ,http://news.sina.com.cn/o/2018-01-21/doc-ifyqtycx1148926.shtml
2018-01-15 22:08,乘客咨询台被推销办卡，白云机场最新回应：停止销...,经过调查发现该卡实为提供 VIP 贵宾休息室等服务，却被销售人员宣称为可抵扣机票钱，其口中的“充值金额”也实为会费，且卡内金额并无抵扣细则。 在后台的文章留言中可以看到 这样的事情 并不只是发生在张先生一个人身上 也并不只... ,http://news.sina.com.cn/o/2018-01-15/doc-ifyqptqv9961293.shtml
2018-01-15 18:39,旅客乘机时被第三方推销“任享卡” 白云机场：严查并责令退款,年关将至，不少市民在走亲访友之时会选择乘坐飞机出行。不过，最近却有很多消费者在网上投诉称，自己在机场柜台被推销了一张“充值后可直接抵扣机票钱”的“空港易行任享卡”，到手却发现不符合销售人员的口头承诺。 接到投诉后，... ,http://news.sina.com.cn/o/2018-01-15/doc-ifyqqciz7520806.shtml
2018-01-05 16:43,,【上证e互动】“十月花城6” 提问：董秘你好！请问T2航站楼推迟开放消息属实吗？ 公司官方回答：涉及公司信息请以公司官方披露为准，谢谢！ ,http://sns.sseinfo.com/qadetail.do?weiboId=303264
2018-01-05 16:42,,【上证e互动】“扬子2018998” 提问：近期在雪球网站看到有发帖说T2候机楼工程延误，要在2018春节后，甚至5月份，才能投入使用。 请问该消息是否确切？ T2 候机楼工程进度如何？ 能否在春节前投入使用？ 谢谢！ 公司官方回答：目前公司正按原定计划推进工程建设及启用各项工作。 ,http://sns.sseinfo.com/qadetail.do?weiboId=302904
2018-01-05 16:40,,【上证e互动】“携四猪屠五狗” 提问：您好，贵司能不能公布一下截止最新日期的前十大股东持股比例及持股数量，谢谢 公司官方回答：股东持股情况的披露必须符合监管部门及信息披露要求。 ,http://sns.sseinfo.com/qadetail.do?weiboId=302777
2018-01-05 16:39,,【上证e互动】“奔跑中的蜗牛” 提问：T2什么时候启用 公司官方回答：T2计划2018年2月投入使用。 ,http://sns.sseinfo.com/qadetail.do?weiboId=302374
2017-12-26 18:03,白云机场年旅客吞吐量突破6500万人次,12月26日中午，白云机场（600004）今年年内旅客吞吐量成功突破6500万人次大关，标志着白云机场已经成为全球6000万级旅客出行平台。 白云机场预计，年底旅客吞吐量将达到6580万人次左右，公司不仅成为中国内地继北京首都、上海浦东之后，第三个年... ,http://company.stcn.com/2017/1226/13861557.shtml
2017-12-26 15:46,广州白云机场年旅客吞吐量突破6500万人次,今天上午（26号）记者从广州白云机场了解到，白云机场2017年运输旅客超过6500万人次，年底将达到6580万人次左右，不仅成为中国内地继北京首都、上海浦东之后，第三个年旅客吞吐量突破六千万人次的机场。这一全新突破标志着白云机... ,http://news.sina.com.cn/o/2017-12-26/doc-ifypxmsr0839114.shtml
2017-12-25 20:54,广州白云机场2017年旅客吞吐量将达6500万人次,中新网广州12月25日电 (王华 罗诗岚)广州空港委25日公布，预计2017年广州白云国际机场可实现旅客吞吐量6500万人次，同比增长8.8%；货邮吞吐量175万吨，国际航空枢纽功能不断强化。 截至11月，白云机场国际及地区通航点87个，航线... ,http://news.sina.com.cn/o/2017-12-25/doc-ifypxmsr0562555.shtml
2017-12-14 15:00,,【上证e互动】“Naruto” 提问：白云机场是不是在扩建，计划什么时候建成投入使用？ 公司官方回答：白云机场二期扩建工程第三跑道工程于2012年8月20日开工， 2015年2月5日正式启用。二号航站楼及配套设施工程于2013年5月桩基础工程开工，计划于2018年初投入使用。 ,http://sns.sseinfo.com/qadetail.do?weiboId=294205
2017-12-14 14:59,,【上证e互动】“Naruto” 提问：您好，相对比上海机场，为何公司的管理费用占营业收入比例如此之高主要原因和区别是？ 公司官方回答：白云机场和上海机场在业务运营管理的模式上不尽相同，由此导致核算方式并不相同。 ,http://sns.sseinfo.com/qadetail.do?weiboId=294158
2017-12-12 06:37,全力推进白云机场国际航空枢纽建设,2017年广州《财富》全球论坛已成功召开，白云机场为参会嘉宾和航班进行了“全机场、全设施、全流程”保障。广东机场集团以保障《财富》论坛为契机，对白云机场保障和服务设施进行系统和全面的提升，以此作为加快推进白云机场国际... ,http://news.sina.com.cn/c/2017-12-12/doc-ifypnqvn3335774.shtml
2017-12-11 16:51,,【上证e互动】“破产版巴菲特” 提问：董秘你好1T2航站楼是2018年2月份开始正式运行吧？1月份会不会先试运行呢？ 公司官方回答：T2启用前将进行设施设备的调试、演练，并经过行业验收。谢谢！ ,http://sns.sseinfo.com/qadetail.do?weiboId=292390
2017-12-08 21:28,白云机场吞吐量突破6000万人次，广州加快打造国际航空枢纽,12月7日晚，1180架无人机编队从海心沙静静飞起，亮灯排成“财富”两个汉字。广州用“科技舞蹈”表达对2017广州《财富》全球论坛的欢迎。 在无人机翩翩起舞的同时，广州的航空市场也迎来好消息。广州白云机场公布的数据显示，11月，白云机场实现旅客吞吐量... ,http://www.yicai.com/news/5381621.html
2017-12-06 14:53,珠三角城际新白广线项目施工进展顺利 预计2019年通车,珠三角城际新白广线项目施工进展顺利，预计2019年通车。 李锷 摄 中新网广州12月6日电 (郭军 付晶晶 卢妙清)连接广州新塘、白云机场和广州北站的新白广城际铁路项目又有新进展，记者6日从施工方中铁二十五局了解到，影响线路基础... ,http://news.sina.com.cn/o/2017-12-06/doc-ifypnyqi1098393.shtml
2017-12-06 07:37,白云机场商务航空服务基地启用,南方日报讯 （记者/刘倩）2017广州《财富》全球论坛召开之际，广州白云机场商务航空服务基地（简称“白云机场FBO”）商务航空服务楼正式亮相。12月3日，FBO保障服务设施正式启用，迎来了首批抵达的公务机。 白云机场FBO项目共分三... ,http://news.sina.com.cn/c/2017-12-06/doc-ifypnqvn0383567.shtml
2017-12-04 13:26,,【上证e互动】“NewD” 提问：您好，公司发布的公告2017-050，水电管理服务费2018-2020每年不超过4500万元，是否包含T2的水电管理服务费？ 公司官方回答：不含T2部分。谢谢！ ,http://sns.sseinfo.com/qadetail.do?weiboId=287834
2017-12-03 04:13,虚拟引导员 尽显科技范,广州日报讯 （全媒体记者李妍 通讯员机场宣摄影报道） 12月1日，在广州白云机场各安检候检区入口处，数座充满时尚科技感的装置悄然矗立，多位笑容甜美的虚拟安检引导员24小时“上岗”。原来这是白云机场最新引进的3D成像安检引导... ,http://news.sina.com.cn/c/2017-12-03/doc-ifyphkhk9906594.shtml
2017-12-02 16:22,“全息投影”安检引导员亮相广州白云机场,中新网广州12月2日电 (记者 郭军)12月1日起，在广州白云机场各安检候检区入口处，数座充满时尚科技感的装置悄然矗立，多位笑容甜美的虚拟安检引导员24小时“上岗”，向旅客提供乘机安检知识和温馨提醒服务。原来这是白云机场最新引进的3D成... ,http://www.chinanews.com/it/2017/12-02/8390890.shtml
2017-11-30 08:35,,【上证e互动】“宇宙小胖” 提问：贵公司您好！想请教一下贵公司国际客流的人均免税消费比较低的原因是什么？ 公司官方回答：主要受免税业务规模且在2017年前仅有出境免税、国际客流规模及分布等因素影响，谢谢！ ,http://sns.sseinfo.com/qadetail.do?weiboId=282715
2017-11-30 08:35,,【上证e互动】“前无古人后无来者玉面小飞龙” 提问：你好，请问贵司为何不在财报中详细披露营收数据，区分航空收入和非航收入，增加财报透明度呢？ 公司官方回答：公司严格按照交易所信息披露要求履行信息披露义务，公司在年报、中报中已经分部说明了收入项目。请查阅。谢谢！ ,http://sns.sseinfo.com/qadetail.do?weiboId=289193
2017-11-30 08:35,,【上证e互动】“宇宙小胖” 提问：贵公司您好，想问下贵公司1.国际客流中转机客流的比例有多少；2.出境客流的目的地（国际航线分布）构成情况是怎样的？谢谢！ 公司官方回答：中转旅客中国际中转在85%以上；国际航线以东南亚、澳新航线为主，谢谢！ ,http://sns.sseinfo.com/qadetail.do?weiboId=282713
2017-11-24 11:25,白云机场试启用全国机场首个无人机隐形“防护网”,“苍擒”无人机侦测防御系统工作原理示意图。 技术人员在操作“苍擒”系统的其中一个设备。 大洋网讯 随时可能闯入机场禁飞区域的无人机，给空中监管、空中安全造成了极大的安全隐患。“苍擒无人机侦测防御系统”昨日在广州白云国... ,http://news.sina.com.cn/c/2017-11-24/doc-ifypacti7666513.shtml
2017-11-21 16:14,旅游淡季避寒出行 机票好划算,大洋网讯 近期广州大幅降温，冬季初见端倪，而此时南半球却正进入夏季。记者从白云机场商旅公司获悉，近期澳大利亚、新西兰等国家逐渐成为出游热点。相对于春节期间的价格，目前这个空档期，价格还是较低。 记者获悉，即日起到12... ,http://news.sina.com.cn/c/2017-11-21/doc-ifynwhww5766025.shtml
2017-11-14 15:43,,【上证e互动】“NewD” 提问：T2停车场面积多大，多少停车位？ 公司官方回答：T2规划配套停车场约5万平米，停车位约1600个。谢谢！ ,http://sns.sseinfo.com/qadetail.do?weiboId=280782
2017-11-14 15:38,,【上证e互动】“周口心疼” 提问：咱们年报中其他延伸服务具体包括哪些业务种类，能否详细告知下 公司官方回答：其他延伸服务包括代理业务、地面运输服务、商品销售服务、餐饮服务、停车场服务等，谢谢！ ,http://sns.sseinfo.com/qadetail.do?weiboId=281475
2017-11-14 15:36,,【上证e互动】“很舒畅” 提问：您好！请问T2明年什么时候开始启用？谢谢！ 公司官方回答：T2计划2018年2月投入使用，谢谢！ ,http://sns.sseinfo.com/qadetail.do?weiboId=281561
2017-11-14 15:36,,【上证e互动】“失败者的飞翔” 提问：白云机场是不是在扩建，计划什么时候建成投入使用？ 公司官方回答：公司目前正在进行二期扩建工程建设，T2航站楼计划2018年2月投入使用。谢谢！ ,http://sns.sseinfo.com/qadetail.do?weiboId=281303
2017-11-14 15:35,,【上证e互动】“宇宙小胖” 提问：贵公司，你好，我想问下白云机场2016年T1免税收入的提成比例是多少？谢谢！ 公司官方回答：不方便透露，谢谢！ ,http://sns.sseinfo.com/qadetail.do?weiboId=282239
2017-11-11 15:26,白云机场双11停电“暗战” 11家涉诉店铺遭报警,本报记者 郝成 广州报道 2017年“双11”电商大战打响，但广州白云机场却将11家店铺断电，且未进行提前通知。《中国经营报》记者核实，11家店铺同属广州市睿杰名店管理有限公司(以下简称“睿杰公司”)，而该公司目前与白云机场方面... ,http://news.sina.com.cn/o/2017-11-11/doc-ifynsait7308415.shtml
2017-11-09 14:29,,【上证e互动】“NewD” 提问：您好，T1停车场年收入多少？T1和T2停车场面积分别是多少？ 公司官方回答：停车场年收入约1亿元，目前配套4个停车场、1座停车楼，可提供约5000个停车位。 ,http://sns.sseinfo.com/qadetail.do?weiboId=279863
2017-11-07 16:29,白云机场十月份货邮与旅客吞吐量均倍增,中国证券网讯（记者 孔子元）白云机场7日晚间公告，公司十月份完成旅客进出港吞吐量5785042人，同比增长108.5%；完成货邮进出港吞吐量152384.1吨，同比增长102.8%。完成起降架次40427架次，同比增长107.4%。 11月7日午间重... ,http://ggjd.cnstock.com/company/scp_ggjd/tjd_ggkx/201711/4149285.htm
2017-11-07 14:00,,【上证e互动】“NewD” 提问：T2总招商面积多少？功能区面积多少？ 公司官方回答：白云机场二号航站楼和机场综合交通中心总体规划商业面积4.4万平方米，一期规划面积约3.5万平方米。功能区约1.7万平米。谢谢！ ,http://sns.sseinfo.com/qadetail.do?weiboId=279380
2017-11-07 13:46,,【上证e互动】“宇宙小胖” 提问：贵公司您好，想了解一下T2航站楼投产后，T1和T2的国际和国内客流如何分配？谢谢！ 公司官方回答：T2投入使用后，T1与T2将分联盟运作，即T2以南航为主的天合联盟为主，T1以星空联盟、寰宇一家为主。谢谢！ ,http://sns.sseinfo.com/qadetail.do?weiboId=279574
2017-10-26 16:09,,【上证e互动】“按时开工” 提问：请问公司2017年扣除非经常性损益后的净利润增长百分比大约是多少？ 公司官方回答：暂时无可奉告。谢谢！ ,http://sns.sseinfo.com/qadetail.do?weiboId=274539
2017-10-25 15:07,,【上证e互动】“秋夜微凉” 提问：您好。问下能否提供16年公司非航收入的具体构成？其中商业部分收入是多少？谢谢 公司官方回答：公司非航业务种类较多，主要项目已在年报中有所披露，请查阅。 ,http://sns.sseinfo.com/qadetail.do?weiboId=274323
2017-10-23 14:36,,【上证e互动】“软趴趴” 提问：您好，问下2016年t1的商业及免税收入分别是多少呢，包括租金特许经营费及销售收入等，谢谢 公司官方回答：2016年商品销售收入约1.5亿，其中免税约1亿，谢谢！ ,http://sns.sseinfo.com/qadetail.do?weiboId=273129
2017-10-23 14:36,,【上证e互动】“秋夜微凉” 提问： 您好，请问2016年T1出入境免税产生的所有收入是多少呢，谢谢 公司官方回答：2016年公司免税业务销售收入约1亿元。谢谢！ ,http://sns.sseinfo.com/qadetail.do?weiboId=273539
2017-10-19 18:19,,【上证e互动】“马到成功A” 提问：董秘你好！公司人员这么多以后会考虑裁员吗？机场有些业务会外包吗？ 公司官方回答：公司将以T2启用为契机，通过内部人员调配以及业务外包方式降低因T2启用带来的人员增长，并已经对保洁、安防、设施设备维护等多项业务开展外包。 ,http://sns.sseinfo.com/qadetail.do?weiboId=272127
2017-10-19 17:40,,【上证e互动】“前海老朱” 提问：董秘您好！请问T2投入使用后，大约可以每月新增多少客流量和架次？ 公司官方回答：起降架次和客流量很大程度上取决于高峰小时容量，但目前民航局尚未就T2启用后的时刻标准容量进行批复。谢谢！ ,http://sns.sseinfo.com/qadetail.do?weiboId=272627
2017-10-16 16:14,,【上证e互动】“好急啊” 提问：您好，问下2018年t1出境部分保底收入及提成分别是多少，哪里可以找到这个合同，感谢 公司官方回答：上述信息暂不便披露。谢谢！ ,http://sns.sseinfo.com/qadetail.do?weiboId=271638
2017-10-10 23:32,签下白云机场部分免税店8年经营权 中国国旅免税业务再扩张,每经记者 李少婷 每经编辑 宋思艰 将于2018年初启用的广州白云国际机场二号航站楼免税店经营权于近日迎来首任主人。 今日(10月10日)，白云机场（600004）(600004，SH)公告称，公司于9月与中国国旅（601888）(601888，SH)全资子公司中国免税... ,http://stock.10jqka.com.cn/20171010/c600733836.shtml
2017-10-09 22:49,天风交运姜明点评白云机场：弱竞争致免税略低预期,来源：天风证券研究报告 白云机场发布公告，公司与中国免税品（集团）有限公司签署二号航站楼出境免税店项目经营合作协议。双方以谈判形式约定2018年7月31日前以实际销售额x提成比例（35%）计算月经营权转让费，2018年8... ,http://finance.sina.com.cn/stock/s/2017-10-09/doc-ifymrcmm9709450.shtml
2017-10-09 16:31,白云机场：签免税店经营合作协议 预计带来营收12.65亿,（原标题：白云机场：签免税店经营合作协议 预计带来营收12.65亿） 白云机场（个股资料 操作策略 盘中直播 独家诊股） 白云机场(600004)10月9日晚间公告，公司与中国免税品(集团)有限责任公司签署了二号航站楼出境免税店项目经营合作协议，... ,http://stock.stockstar.com/SS2017100900001516.shtml
2017-10-09 14:51,,【上证e互动】“爱嗷” 提问：咨询一下T2航站楼招商问题。1.是否所有招商项目都有租赁费？ 2.是否T2航站楼有租赁费的招商项目费用都是300每平每月？ 公司官方回答：具体情况请查看各项目招商公告，谢谢！ ,http://sns.sseinfo.com/qadetail.do?weiboId=269066
2017-10-02 16:08,广州机场高速严重拥堵，“双节”首日白云机场近千人误机,新华网广州10月2日消息，记者从中国南方航空公司和广州白云国际机场获悉，国庆、中秋叠加，航空出行市场火爆。广州机场高速因客流较大导致严重拥堵，1日有近千名旅客误机。有关方面吁请乘客尽量搭乘地铁前往机场。 广州机场高速严重拥堵 据南... ,http://www.thepaper.cn/newsDetail_forward_1813897
2017-09-26 14:44,,【上证e互动】“丹神他哥” 提问：根据公司的经营合作公告，公司经营场地权所收取的费包括1、租赁费，2、经营权转让费。问：租赁费和经营权转让费是否同时适用增值税？具体征收税率是多少？谢谢！ 公司官方回答：两者均适用增值税，租赁费税率为11%，经营权转让费6%。 ,http://sns.sseinfo.com/qadetail.do?weiboId=264232
2017-09-19 18:54,广州白云机场：9月20日起全面支持国内航班二维码过检登机,9月20日起，广州白云机场全面支持国内航班二维码过检登机，旅客凭借手机上获取的电子二维码即可实现便捷登机。南航、国航、深航、重庆航等航空公司在白云机场首先使用此项服务。 届时，所有乘坐以上航空公司国内航班的旅客凭借获取的手机二维... ,http://www.thepaper.cn/newsDetail_forward_1799601
2017-09-19 16:07,白云机场签订二号航站区云集市项目经营合作协议,中国证券网讯（记者 孔子元）白云机场19日晚间公告，全资子公司二号航管公司与广州恩明公司签订了广州白云国际机场二号航站区云集市项目经营合作协议。恩明公司为取得合同约定经营场地的经营权向二号航管公司按月支付合... ,http://finance.sina.com.cn/stock/t/2017-09-19/doc-ifykyfwq8461160.shtml
2017-08-30 18:00,白云机场半年报增长一成,"中国证券网讯（记者 孔子元）白云机场30日晚间发布公告，2017年上半年，公司营业收入3,213,661,518.38元，同比增长6.44%；实现归属于母公司的净利润780,903,028.42元，同比增长11.69%。 8月30日午间重要公告集锦 杭锅股份三... ",http://ggjd.cnstock.com/company/scp_ggjd/tjd_ggkx/201708/4123405.htm
2017-08-16 17:04,,上证e互动 投资者_422909 提问：请问公司有多少股东 公司官方回答：公司股东数每个交易日都在变化 ,http://sns.sseinfo.com/qadetail.do?weiboId=250617
2017-08-14 13:28,,上证e互动 xz444 提问：你好，请问公司的分红时没有扣税吗？ 公司官方回答：扣税情况区分不同情况处理，具体扣税情况请查阅公司权益分派实施公告相关说明。谢谢！ ,http://sns.sseinfo.com/qadetail.do?weiboId=249364
2017-07-26 16:44,,上证e互动 feimiaoning 提问：想问下，T1出境免税店现在的收入有多少？T1出境免税店面积有多大？谢谢！ 公司官方回答：T1出境免税目前面积一千多平米，对公司收入贡献在1亿左右。 ,http://sns.sseinfo.com/qadetail.do?weiboId=244603
2017-07-26 06:26,白云机场：从美式跑道到欧式商业城 业绩与估值双升,三大航空枢纽之一，南方航空（600029）主基地。公司是仅次于首都机场和浦东机场的第三大航空枢纽，同时是南方航空主基地。2017年4月，机场收费标准改革后，白云机场（600004）正式从一类二级机场升格为一类一级机场，政治地位进一步提升，为... ,http://stock.10jqka.com.cn/20170726/c599327715.shtml
2017-07-17 16:57,共享床铺戴上「共享」的帽子，也无法掩饰非法小旅馆的本质,生态、情怀、共享，当代互联网三大被炒烂的概念。 几个形似太空舱的大盒子堆在一起，配上床品，加上个二维码收费，名曰「共享床铺」，便能在盛行共享经济概念的这个时代备受广大网友传播，被媒体所关注。 （图自：每日经... ,http://www.ifanr.com/874017?utm_source=rss&utm_medium=rss&utm_campaign=
2017-07-17 14:08,,上证e互动 远航1234 提问：今年4月1日的民航机场收费调整方案的实施，多公司的业绩有影响吗？对航空公司的起降费影响多大，我看山东航空的半年报大幅减少，提到油价和起降费等，谢谢 公司官方回答：新的机场收费政策对公司影响为中性。具体对航空公司的影响请咨询各航空公司。谢谢！ ,http://sns.sseinfo.com/qadetail.do?weiboId=242056
2017-07-17 14:08,,上证e互动 双核涨涨 提问：股东卡号是什么 公司官方回答：请咨询开户营业部。 ,http://sns.sseinfo.com/qadetail.do?weiboId=241848
2017-07-13 18:06,,上证e互动 远航1234 提问：您好，最近T2航站楼的建设运用，对于非航收入最快什么时候能并表，谢谢 公司官方回答：T2计划于2018年2月投入使用，航站楼内商业同步开放营业，正常情况下投产当月即可开始确认收入。谢谢！ ,http://sns.sseinfo.com/qadetail.do?weiboId=240238
2017-07-12 20:38,白云机场全面开启“暑运模式” 前往热门城市机票紧俏,中新网广州7月12日电 (郭军 郑海芹)进入7月，广州白云机场（600004）客流量节节攀升，“暑运模式”全面开启。 记者12日从该机场了解到，7月以来，该机场出行旅客中学生旅客明显增多，不少还是学生团队游及三五同学家庭组成的“家庭团”旅客... ,http://stock.10jqka.com.cn/20170712/c599187654.shtml
2017-07-08 01:18,揭秘白云机场五号停机坪项目：名为公平招标 实为暗中勾结,白云机场“五号停机坪”项目暗箱操作始末 华夏时报（公众号：chinatimes）记者 吕方锐 北京报道 2006年底到2007年初的4个月里，广东省机场管理集团有限公司（下称“机场集团”）方面开了6次会，终于把“五号停机坪”项目的... ,http://finance.sina.com.cn/roll/2017-07-07/doc-ifyhweua4346469.shtml
2017-07-04 07:18,白云机场：商业租赁利润丰厚 免税、广告锦上添花,目前市场上对于机场的非航收入均重点关注免税收入这块，而对于商业租赁关注较少。白云机场免税店面积(约5944平)不到商业总面积6.7万平米的10%。虽然免税收入是整个商业收入的最大组成部分，但商业租赁所贡献的利润也不可忽视。白云机场T2 航... ,http://stock.10jqka.com.cn/20170704/c599092195.shtml
2017-06-29 10:45,《A股焦点》白云机场获瑞银升评级至买入并升目标价，惟股价微跌,《经济通通讯社29日专讯》瑞银将白云机场（沪：600004）评级从「中性」上调至 「买入」，目标价从16．30元（人民币．下同）上调至24元。 白云机场微跌0．06％，报18．06元。 ,http://news.etnet.com.cn/all-jishixinwen/270629746.htm
2017-06-16 23:44,白云机场招标乱象丛生：优质商铺疑给了关系户,华夏时报（公众号：chinatimes）记者 侯君 广州报道 2016年，有国际机构评选世界机场排名时，广州白云国际机场被列为“亚洲第六最差机场”。事实上，近年来伴随白云机场的，还有高管贪腐、项目招标丑闻等负面新闻。 随着白... ,http://finance.sina.com.cn/roll/2017-06-16/doc-ifyhfpat5107256.shtml
2017-06-07 15:48,【交运】白云机场：航空主业保持高增速 继续看好市值空间,白云机场（600004）公布2017年5月运营数据，起降架次3.86万架次，同比增长7.7%，旅客吞吐量533.55万人次，同比增长11.4%。1-5月起降架次累计19.06万架次，同比增速7.9%，旅客吞吐量累计2687.96万人，同比增速11.2%。 ※低波时刻效率提升促起... ,http://stock.10jqka.com.cn/20170607/c598802219.shtml
2017-05-26 16:35,招商交通运输常涛/王哲：白云机场（600004）—流...,公司发布签订二号航站楼及GTC广告媒体建设经营合同的公告：公司全资子公司广州白云国际机场二号航站区管理有限公司和德高广告签署了二号航站楼及 GTC(地面交通中心)广告媒体建设经营合同，本协议合同期内预计将给本公司带来不低于 20.29 亿... ,http://stock.10jqka.com.cn/20170526/c598712928.shtml
2017-05-23 07:46,5月23日沪深两市上市公司早间公告,上海证券交易所上市公司 白云机场（600004）公布第六届董事会第四次会议决议公告。 首创股份（600008）公布2016年年度权益分派实施公告。 包钢股份（600010）公布2016年年度利润分配暨资本公积金转增股本实施公告。 中原高速（600020）公布... ,http://stock.stockstar.com/JC2017052300000590.shtml
2017-05-22 11:43,白云机场2016年度网上业绩说明会精彩回放,出席嘉宾 广州白云国际机场股份有限公司董事长 邱嘉臣 先生 广州白云国际机场股份有限公司财务总监莫名贞 女士 广州白云国际机场股份有限公司董事会秘书戚耀明 先生 广州白云国际机场股份有限公司董事长邱嘉臣先生致辞 尊敬的各位投资者、各... ,http://stock.stockstar.com/JC2017052200000359.shtml
2017-05-19 09:16,白云机场：出境免税店招商启动 非航业务助业绩增长,5月5日， 广州白云国际机场股份有限公司发布公告，公司和中国免税品有限责任公司签署了进境免税项目经营合作协议。 T2 航站楼启用后， T1 航站楼国际到达进境免税店场地首年月保底销售额 2356 万元/月， T2 航站楼国际到达进境免税店场地首... ,http://stock.stockstar.com/SS2017051900000552.shtml
2017-05-16 18:38,大盘反弹之际，机场股起飞，为什么？,"大盘站上了3100点，众多个股飞升。有4家机场公司也启动了涨势,其中上海机场涨势最猛，另外3家公司白云机场、深圳机场、厦门空港也是表现不错。为什么？答案就在机场收费改革方案正式实施和免税招标预期双重因素叠加，机场业绩逐步兑现。未... ",http://news.hongzhoukan.com/17/0516/zhoulin183648.html
2017-05-13 03:48,南航等16家航空公司将进驻广州白云机场T2航站楼,新华社广州5月12日电(记者马晓澄)广州白云国际机场12日发布消息，机场T2航站楼预计于2018年2月投入使用，届时南航等16家航空公司将前往T2运营，国航等54家航空公司仍在T1运营。 根据白云机场（600004）正式公布的T2启用后各航空公司运营配置... ,http://stock.10jqka.com.cn/20170513/c598558298.shtml
2017-05-12 21:01,白云机场T2航站楼启用后航空公司运营配置方案出炉,中新网广州5月12日电 (记者 郭军)广州白云机场（600004）T2航站楼预计于2018年2月投入使用。记者12日从该机场了解到，白云机场T2航站楼启用后各航空公司运营配置方案目前已经出台，总体按照联盟化运作来划分，南航等16家航空公司前往T2运营... ,http://stock.10jqka.com.cn/20170512/c598557565.shtml
2017-05-09 23:24,广州白云机场首次对外征集服务产品创意方案,中新网广州5月9日电 (记者 郭军)广州白云机场（600004）9日对外通报称，该机场2017年度“开放办机场，服务大提升”活动将于10日正式启动，并首次对外征集“服务产品创意方案”。奖品包括价值12.5万元的等价值贵宾服务、旅游、机票代金券等，... ,http://stock.10jqka.com.cn/20170509/c598500289.shtml
2017-05-08 09:16,白云机场：生产量稳健 非航收入即将爆发,4 月生产量保持较快增长；进境免税招商尘埃落定，未来6 年确认带来收入贡献21 亿元；T2 出境招商值得期待。维持2017 年归属母公司净利润12.94 亿元的预测不变；考虑招商还将继续进行并有望超预期，我们上调2018 年净利润18.9%至10.5 亿元。... ,http://stock.10jqka.com.cn/20170508/c598468792.shtml
2017-05-07 18:00,白云机场(600004)签订进境免税项目经营合作协议,"【事件简述】: 2017年5月8日公告,公司和中国免税品(集团)有限责任公司(以下简称“中免公司”)签署了进境免税项目经营合作协议。 【事件点评】: 此次与中免公司签署进境免税项目经营合作协议,预计对公司本年度业绩产生积极影响。 【近两月机... ",http://stock.stockstar.com/JC2017050700000355.shtml
2017-05-05 11:24,【公司白云机场】虞楠/张杨：免税招标未拿到批文...,白云机场（600004）招标未拿到批文。我们关注到白云机场本次免税招标文件上写的是“招商”，原因在于白云机场担忧有资格进行投标的免税运营商不足3家，因而达不到招标的标准。但这并不影响白云机场T2投产后会有免税运营商入驻经营的结果，因... ,http://stock.10jqka.com.cn/20170505/c598454808.shtml
2017-04-06 03:10,广州白云国际机场股份有限公司,原标题：广州白云国际机场股份有限公司 证券代码：600004股票简称：白云机场公告编号：2017-006 债券代码：110035 债券简称：白云转债 转股代码：190035 转股简称：白云转股 广州白云国际机场股份有限公司 关于可转债转股结... ,http://finance.sina.com.cn/roll/2017-04-06/doc-ifyeayzu6856860.shtml
2017-03-30 10:42,广州白云机场公司原副总徐向东受审 涉嫌受贿600多万,涉嫌受贿600多万元、单位行贿600万元 白云机场公司原副总徐向东受审 南都讯 记者吴笋林 昨日上午，广州市白云国际机场股份有限公司原副总经理徐向东因涉嫌受贿600多万元、单位行贿600万元，在广州市中级人民法... ,http://finance.sina.com.cn/chanjing/gsnews/2017-03-30/doc-ifycwunr8168231.shtml
2017-03-13 13:41,机场航运板块走强 白云机场涨5.53%,机场航运板块走强，白云机场涨5.53%。 中国证券网讯 机场航运板块走强，截至发稿，白云机场涨5.53%、深圳机场涨3.10%、上海机场涨3.69%、中国国航涨2.01%。 ,http://finance.sina.com.cn/stock/jsy/2017-03-13/doc-ifychhuq4247238.shtml
2017-02-15 11:34,白云机场拟建电子围网拦截无人机,【财新网】（记者 郑丽纯） 针对多起航拍无人机闯入民航净空区域事件，广州白云国际机场股份有限公司（白云机场，600004.SH）副总经理黄浩表示，除了日常巡查之外，白云机场将于今年内上马电子围网系统，用以侦测和拦截无人机。 2月14日，... ,http://companies.caixin.com/2017-02-15/101055242.html
2017-02-08 10:15,“网约车禁入到达区”系过渡方案,今年1月1日起，广州白云机场不允许网约车进入A、B到达区接客，把P4停车场作为网约车在白云机场的指定上客点。此举本是为了优化机场地面交通，但遭到不少市民吐槽停车场太远。 今年1月1日起，广州白云机场不允许网约车进入A、B到达区接客，把P4停... ,http://www.ccidnet.com/2017/0208/10239637.shtml
2017-02-08 07:38,白云机场区别对待网约车引争议：为何只能在停车场等,出租车可在到达区揽客，网约车只能在停车场等 白云机场区别对待两类车引争议 来源：南方都市报 南都讯 记者陈燕 通讯员 胡志慧 春运期间本就是机场客流高峰时期，但抵达广州白云机场的乘客却不能在到达区门口坐... ,http://finance.sina.com.cn/chanjing/gsnews/2017-02-08/doc-ifyafenm3020991.shtml
2017-02-03 16:38,白云机场今迎节后返程客流最高峰,针对返程客流高峰的到来，白云机场（600004）提前做足准备，积极做好客流疏导，确保旅客走的了、走得好。一方面，加强现场秩序维护和乘车引导。联合市交委执法局、机场公安加大对机场到达区及周边道路的交通执法监管力度，严厉打击出租车议... ,http://stock.10jqka.com.cn/20170203/c596281641.shtml
2017-01-23 06:30,广州白云机场节前货运创新高 应节货物成主角,中新网广州1月22日电 (郭军 罗莹)1月22日，春运进入第十天，广州白云机场（600004）国内、国际货站货运量大幅增加。据该机场最新统计，春运首周仅机场货站(不含南航货站、联邦快递转运中心)吞吐量就达13920吨，较去年同期增长14%。 今年白云... ,http://stock.10jqka.com.cn/20170123/c596198947.shtml
2017-01-20 06:41,网约车少了 接客通道顺了,文/图 广州日报记者李妍 通讯员罗志娟 白云机场治理周边交通拥堵出新招：今年元旦起，白云机场A、B到达区不允许网约车进入接客，同时在P4停车场划定专门区域300个车位作为“网约车上客点”，违反相关规定者要上“黑名单”。新规实... ,http://tech.sina.com.cn/i/2017-01-20/doc-ifxzunxf1518284.shtml
2017-01-13 06:20,广州2017年发力临空经济 提速国际航空枢纽建设,本报记者杜弘禹广州报道 近日，国家发展改革委和国家民航局联合发文，同意广州设立临空经济示范区。该示范区未来将重点依托白云机场（600004），建设成为国际航空枢纽、生态智慧现代空港区、临空高端产业集聚区和空港体制创新试验区。 对此... ,http://stock.10jqka.com.cn/20170113/c596052324.shtml
2017-01-04 08:57,广州临空经济示范区获批 2025白云机场旅客客流量达9千万,临空经济示范区添翼国际航空枢纽 到2025年白云机场旅客客流量和货邮吞吐量将分别达到9000万人次300万吨 耿旭静、李妍 广州日报讯 （记者耿旭静、李妍 通讯员穗发宣）近日，国家发展改革委、国家民航局以《关于支持广... ,http://finance.sina.com.cn/china/dfjj/2017-01-04/doc-ifxzczfc6825652.shtml
2017-01-03 13:49,交通部门约谈6家网约车平台 要求其立即停止向不符...,广州市网约车细则正式实施后，市交委执法局立即开展相关整治行动。在刚刚结束的元旦整治行动中，执法人员发现仍有不少外地牌照车辆违法从事营运，仅1月1日当天就有6宗外地牌非法网约车在白云机场被查。 广州市网约车细则正式实施后，市交委执法... ,http://www.ccidnet.com/2017/0103/10230091.shtml
2017-01-03 08:23,广州网约车新规首日查获非法专车 交委再约谈网约车平台,南都讯 记者魏凯 任先博 通讯员罗志娟 郑海芹 广州市网约车细则正式实施之后，市交通执法部门立即开展元旦整治行动，1月1日就有6宗外地牌非法网约车在白云机场被查。市交委再次约谈广州六家网约车平台公司，要求... ,http://finance.sina.com.cn/chanjing/cyxw/2017-01-03/doc-ifxzczfc6691353.shtml
2016-10-30 19:06,白云机场外围起火浓烟滚滚 目前对机场无影响,"今日上午，有网友爆料称，白云机场(600004,股吧)航站楼起火。南都记者从白云机场获悉，此起火点不在航站楼，而是在机场外围。此外，南都记者从其他方面获悉，起火点或是花都东湖村一家泡沫厂，市消防正在组织救火。从机场航站楼往外望，可以看到... ",http://stock.hexun.com/2016-10-30/186658347.html
2016-10-25 16:39,白云机场和南沙港如何擦出火花,从空中俯瞰广州，我们可以看到白云机场和南沙港分别位于城市的北部和南部，形成了一对“双子星”。手握国际空港和国际性港口“两张牌”，广州提出了打造国际航空、航运枢纽的目标。连日来，广州市各区“两会”密集召开，国际航空、航... ,http://finance.glinfo.com/16/1025/16/669C455AFD87AF16.html
2016-10-15 00:02,广州白云机场提升多项服务 晚到旅客将可快速登机,新华社广州10月14日专电(记者马晓澄) 广州白云国际机场14日对外宣布，将提升机场多项服务，其中包括晚到旅客将可享受全流程快速登机服务、增设安检“男性专检通道”和启用“自助值机集中办理区”等。 据白云机场（600004）相关负责人介绍，... ,http://stock.10jqka.com.cn/20161014/c593982612.shtml
2016-10-09 07:21,广州再曝两重点项目疑被转标 白云机场2.4亿工程转标黑幕续,来源：财经综合报道 作者：华夏时报 摘要 【广州再曝两重点项目疑被转标 白云机场2.4亿工程转标黑幕续】日前，广州白云国际机场改扩建工程一个总额为2.4亿的项目，被曝光疑存在操纵招投标、并以4500万元转标黑幕后，引起舆论哗然。《华夏时报》记... ,http://stock.sohu.com/20161009/n469759523.shtml
2016-10-08 10:37,优猜APP进驻白云机场 为候机旅客增添虚拟“聊天室”,中新网杭州10月8日电(胡丰盛)“你猜我今天的目的地是哪里？”“今天我和wuli仲基欧巴同一天坐飞机！你猜我的航班会准点到吗？”今年国庆期间，浙江杭州的趣猜网络科技有限公司(以下简称“趣猜网络科技”)宣布将与广东白云机场合作，其旗下优... ,http://www.chinanews.com/it/2016/10-08/8024061.shtml
2016-10-01 23:16,机场高速今早车龙15公里，超500人误机！,国庆长假总是不少人探亲访友或出门旅游的首选日期，因此国庆长假高速路拥堵成“车展”“停车场”也成了每年国庆的保留节目。机场高速拥堵 车龙长达15公里 如果要说今年广州国庆第一条被堵上的高速，恐怕非机场高速莫属了。据白云机场消息，... ,http://cj.sina.com.cn/article/detail/2693883292/73971
2016-09-29 22:40,广州白云机场将增设“自助值机集中办理区”,记者29日从广州白云机场（600004）获悉，该机场航站楼三层出发厅中庭将在10月份建设1000平方米的“自助值机集中办理区”，并安排专人提供协助，以优化旅客出行体验。专区建成投入使用后，自助值机设备使用率将会提高10-15%，更加方便市民出行... ,http://stock.10jqka.com.cn/20160929/c593844240.shtml
2016-09-01 10:05,广东：白云机场2号航站楼初展风姿 将建成交通“巨无霸”,白云机场2号航站楼钢结构网架全面合拢，外部工程基本完成羊城晚报记者唐珩通讯员叶华春摄 钢结构网架合拢，预计2018年投入使用，将建成交通“巨无霸” 近日，白云机场扩建工程完成两项重大建设节点--白云机场2号航站楼钢结构网架于8月3... ,http://finance.glinfo.com/16/0901/09/2561B6D63B1A439F.html
2016-08-31 21:37,广州白云机场扩建工程完成两项重大建设节点,中新网广州8月31日电 (记者 郭军)记者31日从广东省机场管理集团有限公司获悉，8月底，广州白云机场（600004）扩建工程完成两项重大建设节点：白云机场2号航站楼钢结构网架于30日全面合拢，玻璃幕墙和金属屋面等外部工程基本完成；31日，白云... ,http://stock.10jqka.com.cn/20160831/c593370360.shtml
2016-08-06 07:41,白云机场转标案追踪：省国资委启动调查 省国企涉嫌参与,“2.4亿工程转卖4500万”案件追踪 省国资委调查白云机场转标案 华夏时报记者 侯君 实习记者 赵一静 广州报道 被列为广东省重点工程项目的白云机场改扩建工程，被曝存在围标、违法转包、以巨额现金转标等严重违法... ,http://finance.sina.com.cn/chanjing/gsnews/2016-08-06/doc-ifxutfpf1366337.shtml
2016-08-01 20:27,台风“妮妲”来袭 白云机场取消大部分航班,【台风红色预警！】中央气象台18时发布最高等级的台风红色预警，并发布暴雨橙色预警，预计“妮妲”将向西偏北方向移动，将于2日凌晨到上午在广东汕尾到阳江一带沿海登陆，最大可能在珠江口附近地区登陆，预计登陆强度为强台风级。（央视记... ,http://politics.caijing.com.cn/20160801/4156717.shtml
2016-07-29 19:28,广州白云机场商务航空服务基地项目动工,中新网广州7月29日电 (记者 郭军)29日上午，广州白云国际机场商务航空服务基地(FBO)项目正式开工。这将是中国占地面积最大的FBO项目。据悉，该项目是广东省机场管理集团有限公司(以下简称“省机场集团”)加快白云机场（600004）国际航空枢纽... ,http://stock.10jqka.com.cn/20160729/c592048163.shtml
2016-07-24 07:36,白云机场落马副总经理：出门看黄历办事看时辰,南都讯 记者黄怡 白云国际机场原副总经理徐向东出门看黄历、办事看“时辰”，不信马列信鬼神，信仰缺失，利用职务之便，多次收受他人所送巨额财物合计数百万元人民币。近日，省纪委驻省国资委纪检组通报了近期查办的10宗省属企业典型违纪案件，其中就... ,http://finance.qq.com/a/20160724/002779.htm
2016-07-22 10:38,白云机场原副总经理徐向东落马：办事看时辰 敛财数百万,白云机场原副总徐向东办事看“时辰”、敛财数百万被通报 南方日报讯（记者赵杨）违反政治纪律，出门看黄历、办事看“时辰”，不信马列信鬼神；利用职务之便，为他人在招投标活动中谋取利益，收受巨额财物……7月... ,http://finance.sina.com.cn/chanjing/gsnews/2016-07-22/doc-ifxuhukv7223588.shtml
2016-07-15 06:38,两月内吃两张罚单 专车司机被罚8万,广州日报讯 （记者刘冉冉 通讯员刘佳婧）一辆粤H牌的私家车利用打车软件在白云机场非法营运时被“逮个正着”，令人惊讶的是，面对交通执法人员时百般抵赖的司机，随后被查出竟已是第二次因同样的违法行为被处罚。这名专车司机在短... ,http://tech.sina.com.cn/i/2016-07-15/doc-ifxuaiwa6920323.shtml
2016-07-14 18:46,广州白云机场新开两条国际航线,中国经济导报 中国发展网 冯能文 记者罗勉7月13日，广州-毛里求斯的直航正式开通。此航线由毛里求斯航空承运，空客A340客机执飞。同日，白云机场（600004）还新增一条广州至巴厘岛的包机航线。毛里求斯航空开通的广州航线，每周一班，逢周三1... ,http://stock.10jqka.com.cn/20160714/c591708539.shtml
2016-07-01 13:14,白云机场董事长：董事会换届不会影响公司经营发展,中国证券网讯 6月30日，白云机场（600004）召开2015年度股东大会。会议上，公司董事长表示，公司新一届董事会选举不会影响公司经营发展，公司未来十年的战略规划和部署依然会继续推进。根据公开资料，白云机场第五届董事会、监事会任期已于6... ,http://stock.10jqka.com.cn/20160701/c591390872.shtml
2016-07-01 12:28,白云机场董事长：4月起旅客增长量全国第一,6月30日，白云机场（600004）董事长刘建强在2015年股东大会上接受了现场投资者和媒体的提问。刘建强表示，公司受资源限制，去年旅客和航班增长量在全国滞后，但今年通过的改造、完善工程，补足短板，4月起降架次和旅客增长量在全国各大机场排名第... ,http://company.stcn.com/2016/0701/12778219.shtml
2016-06-30 23:06,白云机场：2025年旅客吞吐量将有望达到1亿人次,本报记者 黎宇文 在6月30日召开的白云机场（600004）2015年股东大会上，公司董事长刘建强在回答投资者和媒体提问时指出，受资源限制，2015年白云机场旅客和航班增长量在全国滞后。今年以来，通过改造、完善工程，补足短板，已经取得了好的成... ,http://stock.10jqka.com.cn/20160630/c591381614.shtml
2016-06-14 09:08,首个出境自驾游体验中心落户白云机场,讯 (记者 李杉) 昨天，境外租车平台租租车推出的国内首个出境自驾游体验中心正式开业，落户广州白云国际机场国际出发大厅。租租车联合创始人李斌表示，广州白云机场（600004）作为首个试点可带动全国其他城市线下体验中心的布局和业务开展，... ,http://stock.10jqka.com.cn/20160614/c590915139.shtml
2016-06-13 10:07,非法网约车司机偷装计价器调速钮 跳表速度翻倍,市交委执法局近期在白云机场开展非法网约车集中整治 执法人员刚查处假冒出租车，就意外遇到惨遭套牌的正规出租车 今年以来，截至6月11日，广州市交委执法局共查处非法营运786宗，其中非法网约车(蓝牌车)417宗，假冒出租车319宗，非法营... ,http://auto.people.com.cn/n1/2016/0613/c1005-28428638.html
2016-06-08 07:54,非法网约车被查竟称“献爱心”,交委严查白云机场、客运站周边非法网约车 广州日报讯 （记者刘冉冉）昨天市交委执法局严查各交通枢纽区域非法营运，共立案查处非法营运、包车班车等各类违章案件48宗，其中在白云机场查处了一宗借口“爱心送达”的非法网约车。昨晚... ,http://tech.sina.com.cn/i/2016-06-08/doc-ifxsuypf5204631.shtml
2016-04-18 15:52,电玩平衡车 锂电池超标 不能上飞机,羊城晚报讯 记者唐珩，通讯员祁旭敏、郑晓丹、林可婷、陈敏利报道：随着交易会开幕，白云机场代理国际航班到达旅客的客流量激增，尤以中东方向的商务旅客居多。据了解，为了满足交易会旅客的出行要求，白云机场航空运输服务分公司提前与航空... ,http://www.chinanews.com/it/2016/04-18/7838562.shtml
2016-04-15 18:54,内控见成效 白云机场去年净利润增长15%,白云机场（600004）4月15日晚间披露2015年度业绩快报。据公司初步核算数据，2015年实现营业收入56.20亿元，同比增长1.67%，实现净利润12.53亿元，同比增长15.21%。加权平均净资产收益率为14.00%，同比增加0.62个百分点。白云机场表示，公司营... ,http://stock.10jqka.com.cn/20160415/c589267799.shtml
2016-03-21 14:31,广州白云机场再次启动航班大面积延误蓝色预警,多架次航班停在机场停机坪。今天，白云机场在昨日首次启动航班大面积延误预警并于今早凌晨4点多解除预案后，时隔5个小时又再次由于航路天气状况，不符合安全飞行条件，导致部分航班延误和取消，于上午9时11分启动航班大面积延误蓝色预警。... ,http://politics.caijing.com.cn/20160321/4092605.shtml
2016-03-04 07:56,网络购票成首选购票方式占总量65%,3月3日是春运最后一天，白云机场客流已恢复如常，航站楼内除了来往旅客，还有一场特别的演出。当天11时，悠扬的古筝演奏吸引了不少旅客的目光和脚步。一曲《渔舟唱晚》表达了渔舟满载丰收的喜悦，也寓意着春运保障工作圆满收官。随... ,http://tech.sina.com.cn/i/2016-03-04/doc-ifxqafha0348487.shtml
2016-03-02 16:40,亚太区最佳机场 白云机场排第三,新快报讯记者吴俊捷通讯员郭毅罗志娟报道国际机场协会(ACI)于蒙特利尔时间2016年2月29日宣布2015年度机场服务质量(ASQ)旅客满意度项目获奖信息。在2015年ASQ旅客满意度项目中，广州白云机场（600004）荣获“亚太区最佳机场第三名”、“年旅客... ,http://stock.10jqka.com.cn/20160302/c588245538.shtml
2016-02-26 01:21,白云机场将公开发行35亿可转债,2月25日，白云机场（600004）在中证网举行网上路演，就公开发行35亿可转换公司债券事宜公司高管与投资者展开交流。据悉，白云机场可转债总规模为35亿元，票面利率不超过2%，资金将用于白云机场航站区扩建工程项目。公司表示，扩建工程启用后... ,http://stock.10jqka.com.cn/20160226/c588120005.shtml
2016-02-26 01:01,广州白云国际机场股份有限公司公开发行 可转换公...,问：请问，可转债发行后，大约多长时间可以在上交所挂牌？刘建强：您好！根据发行时间安排，公司可转债将在2016年3月4日完成发行，我们将在本次发行结束后尽快向上交所申请上市交易，上市前2日公司会刊登上市公告书，请关注公司的后续公告。... ,http://stock.10jqka.com.cn/20160226/c588119941.shtml
2016-02-25 21:53,白云转债明日申购 暴跌之下成资金避风港,在反弹数日后，A股今日出现大跌。有投资者再次无奈地表示，一天的下跌再次把一周的涨幅抹去了。就在投资者对后市手足无措之际，《每日经济新闻》记者注意到，一种收益可观、相对安全，今年以来无一败绩的投资机会再次出现。公告显示，白云机... ,http://stock.10jqka.com.cn/20160225/c588112721.shtml
2016-01-30 01:19,广州白云国际机场股份有限公司第五届董事会第十六...,证券代码：600004股票简称：白云机场公告编号：2016-004 广州白云国际机场股份有限公司 第五届董事会第十六次(临时)会议 决议公告 本公司及董事会全体成员保证公告内容的真实、准确和完整，对公告的虚假记载、误导性陈述或者... ,http://finance.sina.com.cn/roll/2016-01-30/doc-ifxnzani7039860.shtml
2016-01-20 17:17,白云机场2015年业绩预增15%到25%,中证网讯 白云机场（600004）1月20日晚间发布公告，经公司财务部门初步测算，预计公司2015年度归属于上市公司股东的净利润与上年同期相比，将增长15%-25%。上年同期归属于上市公司股东的净利润：1，087，642，575.52元。... ,http://finance.sina.com.cn/stock/t/2016-01-20/doc-ifxnqriz9958387.shtml
2016-01-20 16:51,白云机场：经历过2008年有信心应对,针对寒流来袭的消息，白云机场（600004）回应称，经历过2008年之后，白云机场面对这类极端天气会做好航班保障工作，有信心平稳过渡。 寒潮大规模入侵广州的24日，适逢春运开始。白云机场方面称，目前预报的最低1摄氏度对于航班保障工作并不会... ,http://stock.10jqka.com.cn/20160120/c587434469.shtml
2016-01-20 00:55,不服“亚洲最差”排名 白云机场邀媒体参观厕所,每经记者 吴泽鹏 这两天，白云机场（600004）的厕所火了。不久前，国外一个名为The Guide to Sleeping in Airports(以下简称GSA)的旅游网站发布了全球机场评比结果，白云机场上榜亚洲十大最差机场，位列第六，其入选理由包括厕所、饮水机不干... ,http://stock.10jqka.com.cn/20160120/c587421748.shtml
2016-01-19 11:31,广州白云机场升级软硬件 展现“干净整洁、平安有序”新空港,新华网广州1月19日电(记者杨艺华)经过半年多的紧张施工，白云机场（600004）一系列改造工程近期陆续完工：洗手间增加和改建、国际流程项目改造、无线上网设施升级、登机廊桥雨篷加建等等，广州白云机场即将以全新面貌“亮相”。曾经被不少旅... ,http://stock.10jqka.com.cn/20160119/c587394260.shtml
2016-01-19 09:31,中国机场排名洗牌 白云机场飞机起降出现负增长,2015年，中国机场的排名出现比较大的变动，首都机场依然占据头把交椅，但是“双手不敌四拳”，浦东加虹桥的旅客吞吐量已经超越北京，使得上海成为“第一大空港城”，广州白云机场（600004）经过连续几年的快速增长后，由于容量见顶，增速持续... ,http://stock.10jqka.com.cn/20160119/c587389061.shtml
2015-12-31 13:51,九组时刻拍出5.5亿 国有航成大买家,【财新网】（实习记者 杨柳青） 中国民航首次中国民航首次航班时刻拍卖于12月30日在广州完成。此次共有九组在白云机场起降的航班时刻付诸拍卖，总计拍得约5.5亿元。传统三大航及其旗下公司包揽其中八组，另一组由海南航空旗下乌鲁木齐航空... ,http://companies.caixin.com/2015-12-31/100894845.html
2015-12-31 09:35,白云机场试行拍卖航班时刻 乌鲁木齐航空近亿元摘得标王,摘要： 央广网北京12月31日消息(记者何伟奇)据中国之声《新闻纵横》报道，昨天(30日)，在广州举行了一场特殊的拍卖会，拍卖的标的不是实物，而是广州白云机场的九组航班时刻。这是我国首次试水以拍卖方式分配航班时刻，引来34家国内航空公司... ,http://stock.10jqka.com.cn/20151231/c586778967.shtml
2015-12-30 13:47,白云机场时刻拍卖落锤 乌鲁木齐航空成标王,广州白云机场（600004）航班时刻对拍卖会收官，九组“黄金”时刻吸引了超过30家国内航空公司参与竞买，据媒体报道春秋航空（601021）、九元航空、吉祥航空（603885）、多彩贵州等民营航空公司更是由公司一、二把手亲自带队竞买，现场气氛十分... ,http://stock.10jqka.com.cn/20151230/c586763974.shtml
2015-12-18 06:10,白云机场9组航班时刻公开拍卖,原标题：白云机场9组航班时刻公开拍卖 广州日报讯 （记者李妍）中国民用航空中南地区管理局网站昨天公布，受委托，广东国际拍卖有限公司定于12月30日10时整对九组白云机场航班时刻组合使用权进行公开拍卖。这九组拟被公... ,http://finance.sina.com.cn/stock/t/2015-12-18/doc-ifxmueaa3613990.shtml
2015-12-18 02:06,白云机场 九组航班时刻组合拟拍卖,12月17日，中国民航中南地区管理局网站信息显示，白云机场（600004）九组时刻组合使用权拟进行公开拍卖。分析人士指出，这显示出“航班时刻资源市场配置改革试点”进入实际操作阶段。从国际惯例看，将显著利好核心机场。预计拍卖初期会出现争... ,http://stock.10jqka.com.cn/20151218/c586537541.shtml
2015-12-02 13:23,白云机场副总经理涉嫌严重违纪,白云机场（个股资料 操作策略 咨询高手 实盘买卖） 白云机场(600004)公告，根据广东省国资委网站消息，公司副总经理徐向东涉嫌严重违纪，正在接受组织调查。白云机场表示，公司生产经营一切正常，对徐向东分管的工作已作出妥善安排。人民币加... ,http://stock.stockstar.com/SS2015120200001273.shtml
2015-12-02 09:14,白云机场副总徐向东被查 公司称经营一切正常,来源：澎湃新闻 作者：张枭翔 12月1日A股收盘后，白云机场发布公告称，根据广东省国资委网站消息，公司副总经理徐向东涉嫌严重违纪，正在接受组织调查。同时称公司生产经营一切正常，对徐向东分管的工作已作出妥善安排。白云机场官方资料显示，徐... ,http://stock.sohu.com/20151202/n429215106.shtml
2015-12-01 16:47,民航风暴新增一例 白云机场副总经理徐向东被查,【财新网】（记者 曹文姣） 白云机场（600004。SH）12月1日晚间公告称，根据广东省人民政府国有资产监督管理委员会网站消息，公司副总经理徐向东涉嫌严重违纪，正在接受组织调查。同时公告称，公司生产经营一切正常，对徐向东分管的工作已作... ,http://finance.caixin.com/2015-12-01/100880429.html
2015-12-01 15:53,白云机场副总经理徐向东涉嫌严重违纪被调查,白云机场（个股资料 操作策略 咨询高手 实盘买卖） 白云机场12月1日晚间公告称，根据广东省人民政府国有资产监督管理委员会网站消息，公司副总经理徐向东涉嫌严重违纪，正在接受组织调查。同时公告称，公司生产经营一切正常，对徐向东分管的... ,http://stock.stockstar.com/SS2015120100002503.shtml
2015-11-20 07:48,白云机场：诚信经营切实承担社会责任,“选择白云机场，就是选择成功”，这是白云机场上市之初就对投资者许下的承诺，回报股东是上市公司必须承担的责任，合理的分红政策有利于实现公司价值及股东利益最大化。上市12年来，白云机场一直坚持着自己当初的承诺。数据不会撒谎。自2003年上市以... ,http://www.stcn.com/2015/1120/12483246.shtml
2015-11-20 07:22,白云机场业绩持续向好 上市以来累计分红31亿,施常文 -企业形象- “选择白云机场，就是选择成功”，上市以来，白云机场一直努力践行当初对投资者许下的承诺。过去的12年时间里，白云机场资产规模和经营业绩逐年稳定增长，公司坚持每年分红，累计分红31亿元，平均分红比例达到48... ,http://finance.sina.com.cn/stock/s/20151120/064323804927.shtml
2015-08-28 16:35,白云机场广州北站将“空铁联运”,白云机场（个股资料 操作策略 咨询高手 实盘买卖） 交通运输部日前公布全国首批“综合运输服务示范城市”名单，广州等16个城市入选。昨日，记者从市交委获悉，广州已围绕综合运输服务示范城市建设，制定了3年行动方案，其中包括将打造白云机... ,http://stock.stockstar.com/SS2015082800003577.shtml
2015-08-25 14:14,全国多机场需提前登机 安检加强旅客要预留更多时间,旅客最好提前2小时办登机 信息时报讯(记者 钟键挺)近日，国内多个机场及多家航空公司对外公布，由于不少机场安检力度都进行了升级，旅客近期最好比规定时间更早到机场办理乘机手续，以免耽误行程。记者获悉，目前白云... ,http://finance.sina.com.cn/consume/littletips/20150825/140823059849.shtml
2015-08-17 16:54,白云机场中期净利润6.2亿 增长17.91%,白云机场（600004）8月17日晚间披露2015年半年报，报告期内，公司实现营业收入27.7亿元，同比增长3.45%；实现归属于上市公司股东的净利润6.2亿元，同比增长17.91%，基本每股收益0.54元。公司表示，报告期内白云机场完成飞机起降20.17万架次，... ,http://stock.10jqka.com.cn/20150817/c580750394.shtml
2015-08-10 10:16,厦门空港：上半年业务量增速创2006年来新低,"2015H1运营数据回顾:业务量增速创2006年来同期新低。公司公告,2015年上半年公司起降架次、旅客量分别累计同比增长3.6%、5%,为2006年来同期最低值,差于我们此前预期。在A股上市机场中,仅略好于产能饱和的白云机场（600004）(0.8%/2.2%)。我们... ",http://stock.10jqka.com.cn/20150810/c580553899.shtml
2015-08-05 08:57,白云机场 低估值有待修复,"白云机场（600004）白云机场4月实现飞机起降架次33850架次,旅客吞吐量462.84万人次,货邮吞吐量13.23万吨,同比分别增长1.46%、3.11%和4.53%。从数据看,经营数据同比增幅不大主要是受制于航站楼运能瓶颈,目前T1航站楼的产能利率已经接近130%。T... ",http://stock.10jqka.com.cn/20150805/c580446624.shtml
2015-07-15 20:15,白云机场六月份旅客吞吐量同比微增,全景网7月15日讯 白云机场（600004）周三晚间公告称，6月份公司旅客吞吐量为422.78万人次，与去年同期相比略有增长。2014年6月份，白云机场旅客吞吐量为422.67万人次。6月份白云机场飞机起降架次为3.22万次，同比下降0.6%；货邮吞吐量未来12.41万... ,http://stock.sohu.com/20150715/n416860133.shtml
2015-07-07 09:28,白云机场：产能瓶颈制约凸现 关注第三跑道时刻放量,根据新闻，6月底中国民航局提出“构建以广州白云国际机场为中心的空中丝绸之路”，25日中国民航发展论坛上，广东省机场管理集团有限公司董事长张克俭提出，将“推行1+5国际枢纽战略，即一个核心和五个配套的战略”，表示目前白云机场正在筹划... ,http://stock.10jqka.com.cn/20150707/c574456882.shtml
2015-06-12 09:06,白云机场独立董事梁庆寅 副总经理王利群辞职,白云机场（个股资料 操作策略 咨询高手 实盘买卖） 上交所上市公司广州白云国际机场股份有限公司(白云机场 ，600004)今日发布公告称，独立董事梁庆寅和副总经理王利群辞职。中国经济网上市公司人事库资料显示，王利群系因工作调动，向白云机... ,http://stock.stockstar.com/SS2015061200000637.shtml
2015-05-20 16:00,广州白云机场航班因暴雨几乎全取消 人满为患,机场人满为患 【今日广州出发航班几乎全取消 白云机场人满为患】受华南大范围强降雨影响，目前广州白云机场航班流控严重。截至12：13 ，白云机场延误一小时以上仍未出港的航班为90班，现航班大面积延误应急处置响应等级升级为橙色。今天从... ,http://politics.caijing.com.cn/20150520/3887236.shtml
2015-05-12 15:55,白云机场:电商等新兴业务前景很可观,全景网5月12日讯 2015广东上市公司投资者集体接待日活动今天在全景网举行。白云机场(600004)董秘戚耀明表示，目前，公司非航业务发展存在巨大提升空间，不断挖掘新经济增长点成为下一步的工作重点。商业、广告、地面交通等传统存量非航资源存在很... ,http://stock.sohu.com/20150512/n412909339.shtml
2015-05-12 15:49,白云机场:T2航站楼计划于2018年竣工,全景网5月12日讯 2015广东上市公司投资者集体接待日活动今天下午在全景网举行。白云机场(600004)董秘戚耀明表示，目前，公司正在进行扩建工程机场工程部分的T2航站楼工程建设。该工程于2013年5月桩基础工程开工，计划于2018年竣工完成。戚耀明介... ,http://stock.sohu.com/20150512/n412909207.shtml
2015-04-25 22:14,白云机场:国际枢纽尚待产能投放,新浪提示：本文属于研究报告栏目，仅为分析人士对一只股票的个人观点和看法，并非正式的新闻报道，新浪不保证其真实性和客观性，一切有关该股的有效信息，以沪深交易所的公告为准，敬请投资者注意风险。事件 公司公... ,http://finance.sina.com.cn/stock/companyresearch/20150425/215922045133.shtml
2015-04-21 23:32,白云机场：非航产业或继续做大,4月21日，白云机场（600004）召开2014年度股东大会，会议通过了《2014年度董事会工作报告》、《2014年年度报告》等议案。公司相关负责人在会议上表示，2015年，公司将继续推进机场扩建工程建设，同时积极推进国企改革，考虑引入混合所有制进... ,http://stock.10jqka.com.cn/20150421/c571936834.shtml
2015-04-21 22:06,4月21日晚间重要公告,大智慧阿思达克通讯社4月21日讯， 4月21日晚间重要公告如下： 【白云机场可转债发行方案获股东大会通过】大智慧阿思达克通讯社4月21日讯，白云机场（600004）4月21日公告称，召开2014年度股东大会，审议并通过多项议案，包括公司申请... ,http://www.gw.com.cn/news/news/2015/0421/200000429062.shtml
2015-04-21 19:04,白云机场可转债发行方案获股东大会通过,4月21日，白云机场（600004）召开2014年度股东大会，审议并通过多项议案，包括公司申请公开发行不超过35亿元可转债。公告显示，本次拟发行的可转债期限为五年，转股期自可转债发行结束之日满6个月后的第1个交易日起至可转债到期日止。募集资... ,http://bond.10jqka.com.cn/20150421/c571935693.shtml
2015-04-21 11:07,广东自贸区今早正式揭牌,中共中央政治局、广东省委书记胡春华今早为广东自贸区揭牌。广东省省长朱小丹在揭牌仪式的致辞中表示，坚持将自贸区建设作为深化改革和新一轮扩大开放的头号任务来抓。从地址位置上来讲，粤港澳自贸区立足于加强大陆与港澳经济的融合，白云机... ,http://hk.stock.hexun.com/2015-04-21/175163203.html
2015-04-17 08:32,白云机场第二高速预计年底开工 总投资108亿元,每天晚上地铁停运之后，大量接送旅客的车辆在白云机场A区排成了长队。新快报记者 毕志毅(资料图片) 白云机场第二高速预计年底开工 新快报记者 李佳文 广州市交委昨日发布招标公告，为白云机场第二高速公路招投资人。项目将分南... ,http://finance.sina.com.cn/china/dfjj/20150417/082821979369.shtml
2015-03-30 19:21,[年报]白云机场去年净利11亿 拟10派2.9元,全景网3月30日讯 白云机场（600004）周一晚间披露年报，2014年，公司实现净利润10.88亿元，同比增长21.53%，每股收益为0.95元。公司拟以2014年12月31日的总股本为基数向全体股东每10股派现金2.9元（含税）。2014年公司实现营业收入55.28亿元，同... ,http://stock.sohu.com/20150330/n410549529.shtml
2015-03-17 14:42,上海机场：产能充裕 业绩稳步增长,"受益于旺盛的航空需求和充足的产能,公司2014年旅客吞吐量同比增长9.53%,超过白云机场（600004）和首都机场。目前,公司估值较低,未来发展明确,我们维持“审慎推荐-A”的投资评级。公司业绩稳步增长,创历史新高。2014年,浦东机场共实现飞机起降... ",http://stock.10jqka.com.cn/20150317/c571167360.shtml
2015-03-07 00:40,机场夜间交通拥堵元宵过后将会缓解,新快报讯 记者牟晓翼报道 《新快报》关于白云机场乱停放的报道（见前日A11版）引起了管理部门的高度重视，昨天广东省公安厅机场公安局交管支队（下称机场交管支队）通报了查处情况。据介绍，春运期间的每天晚11时过后，白云机场周边道路特... ,http://politics.caijing.com.cn/20150307/3833798.shtml
2015-02-19 11:23,正月机票普遍优惠：海口飞广州票价仅50元,海口飞广州50元欢迎来穗过春节 信息时报讯 (记者 钟键挺 通讯员 郑海芹 赵英杰 于芷然 王卫城 黄曼 祁旭敏) 昨日除夕，白云机场全天计划进出港航班为1029班，与前几日的出行高峰相比，机场客流明显回落，平稳度过节前客流高峰。春... ,http://finance.sina.com.cn/consume/20150219/111921576763.shtml
2015-02-13 09:21,白云机场：珠三角航空枢纽,白云机场（600004）是我国连接世界各地的重要口岸和国际航空枢纽。公司在珠三角地区旅客量占30%的市场份额，货邮量占17%的市场份额。2015年1月7日公告显示，公司接控股股东广东省机场管理集团有限公司通知，公司已获准成为广州白云国际机场扩... ,http://stock.10jqka.com.cn/20150213/c570754640.shtml
2015-02-03 20:33,广州白云机场全力备战春运 第三条跑道将启用,中新网广州2月3日电 (记者 郭军)记者3日从广州白云机场了解到，2015年春运40天，白云机场预计进出港客流将达到690万人次，同比增长7%，加上第三跑道将于2月5日正式启用，白云机场将迎来史上第一个“三跑道”运营的特别春运。面对春运大... ,http://www.cs.com.cn/xwzx/cj/201502/t20150203_4638018.html
2015-01-23 23:38,拟注册资金减至2亿 大华食品保险筹建遇“变数”,吴侨发 赵依静 作为国内酝酿的首家专营食品安全责任保险的保险公司，大华食品安全责任保险股份有限公司（简称“大华食品保险”）的筹建工作正接连遭遇变数。先是白云机场（600004.SH）1月份宣布退出筹建，紧接着大华食品保险的拟注册... ,http://finance.sina.com.cn/roll/20150123/233521385931.shtml
2015-01-15 10:14,白云机场：去年12月货邮吞吐量增一成,国务院《关于促进民航业发展的若干意见》明确提出，要将白云机场（600004）建成功能完善、辐射全球的大型国际航空枢纽，公司通过深化与航空联盟战略合作，积极争取各项政策支持，努力把白云机场打造成世界级航空枢纽。公司日前披露2014年12月... ,http://stock.10jqka.com.cn/20150115/c569793343.shtml
2015-01-14 17:38,广州白云机场积极开拓国际航空市场,新华网广州1月14日电(记者 陈冀)广州白云机场（600004）最新对外发布信息称，2014年实现旅客吞吐量5478万人次，开拓国际航空市场成为显著亮点。截至2014年底，共有70家国内外航空公司通航白云机场，航线网络通达全球五大洲近200个通航点。据... ,http://stock.10jqka.com.cn/20150114/c569749314.shtml
2015-01-12 10:20,白云机场第三跑道下月5日启用 有望减少航班延误,当日凌晨零时至早8时机场停航关闭，旅客需留意航班变更信息 经过两年多的建设，白云机场第三跑道终于将在2月5日正式启用了。这一致力于为增容扩量、减少航班延误的工程赶在2015年春运第二天“服役”，有望为旅客出行带来“加速度”。据... ,http://finance.glinfo.com/15/0112/10/6468DEC8B89DAA06.html
2015-01-06 06:44,加快民航业发展 广东推进白云机场扩建工程,广东省政府日前印发的《关于进一步加快民航业发展的意见》提出，加快推进广州白云国际机场扩建工程建设，构建以白云机场为中心的国际中转航线网络，支持中国南方航空集团公司向大型网络型航空公司转型。白云机场、南方航空等公司有望受益。深... ,http://stock.stockstar.com/MS2015010600001018.shtml
2014-12-31 08:14,白云机场有望成为世界级航空枢纽,国务院 《关于促进民航业发展的若干意见》明确提出，要将白云机场建成功能完善、辐射全球的大型国际航空枢纽，公司通过深化与航空联盟战略合作，努力把白云机场打造成世界级航空枢纽。公司日前披露2014年11月份生产经营数据：当月完成起降架... ,http://stock.10jqka.com.cn/20141231/c569280074.shtml
2014-12-26 08:34,白云机场：拟筹建大华食品保险,白云机场（600004）处于珠三角中心城市广州，是大陆首个按照中枢理念设计建造的枢纽航空港。公司日前披露2014年11月份生产经营数据：当月完成起降架次34284架次，同比增长2.7%；旅客吞吐量约464.49万人，同比增长4.9%，货邮吞吐量合计约13.58... ,http://stock.10jqka.com.cn/20141226/c569210985.shtml
2014-12-25 17:36,白云机场第三跑道正式通过行业验收,记者从广东民航机场建设有限公司获悉，民航中南地区管理局日前正式下文批复了白云机场扩建工程第三跑道及其配套工程通过行业验收的意见，这标志着白云机场第三跑道及其配套工程正式通过行业验收并具备民航机场运行条件。白云机场第三跑... ,http://www.cs.com.cn/xwzx/cj/201412/t20141225_4601255.html
2014-12-24 10:48,9家传统企业瞄上食责险大蛋糕 发展前景存变数,食品安全问题时有曝光，食品检测不合格也是常有的事，然而为食品安全提供保障的责任保险推进却进展缓慢，保险新“国十条”再提食品安全责任险，让这一保驾食品安全的险种再次回到公众的视线。近日，白云机场、广东广弘控股等9家拟参与... ,http://www.cs.com.cn/xwzx/cj/201412/t20141224_4599651.html
2014-12-18 17:14,白云机场拟参与设立保险公司,中国证券网讯(记者 陈天弋)白云机场（600004）12月18日晚间公告，公司拟出资9000万元参与发起筹建大华食品安全责任保险股份有限公司(简称“大华食品保险”)。公司表示，此举为响应国家对食品行业的规范管理要求，在保障和改善民生等领域发挥... ,http://stock.10jqka.com.cn/20141218/c569043848.shtml
2014-12-18 16:58,白云机场拟出资9000万参与筹建大华食品保险,12月18日，白云机场晚间公告，为响应国家对食品行业的规范管理要求，在保障和改善民生等领域发挥保险业务的作用，公司在不影响主营业务发展的前提下，拟参与发起筹建大华食品安全责任保险股份有限公司（暂定名，以下简称“大华食... ,http://www.ccstock.cn/gscy/gongsi/2014-12-18/A1418892905137.html
2014-12-18 16:38,白云机场拟投资9000万参股食品保险公司,白云机场(600004)12月18日晚间公告，为响应国家对食品行业的规范管理要求，在保障和改善民生等领域发挥保险业务的作用，公司在不影响主营业务发展的前提下，拟参与发起筹建大华食品安全责任保险股份有限公司(暂定名，简称“大华食品保险”).... ,http://stock.stockstar.com/SS2014121800002910.shtml
2014-11-15 08:08,粤国资上市公司混有制提速,张建锋 11月11日，广东省政府办公厅通过官网发布《关于深化省属国有企业改革的实施方案》(以下简称“实施方案”)，明确了新一轮广东国资改革的目标、方式、措施、路线图以及时间表。受此消息影响，《实施方案》中涉及试点企业的下... ,http://finance.sina.com.cn/stock/s/20141114/235720824281.shtml
2014-09-25 05:57,广州海关“直购进口”海淘仅需7天,昨日上午，随着广州海关跨境贸易电子商务直购模式的启动，一票由唯品会申报的时尚手表顺利在白云机场海关办结通关手续，完成了华南地区跨境贸易电子商务直购进口“第一单”，这批货物将直接由物流公司从白云机场运送至消费者手中。未来将陆... ,http://tech.sina.com.cn/i/2014-09-25/05569643240.shtml
2014-09-18 07:41,广州地标小蛮腰的塔身广告 总价超2亿元,新快报记者 刘正旭 通讯员 成广伟 广州户外广告第一拍落锤，7处广告点位拍出3.6872亿元 小蛮腰塔身广告底价成交，买家总计需支付超两亿元！昨日上午，广州产权交易所公开拍卖市内7处户外广告点位，包括广州塔、白云机场南停... ,http://finance.sina.com.cn/chanjing/cyxw/20140918/073820331584.shtml
2014-08-28 16:14,白云机场上半年净利润5.24亿元 同比增长16.17%,8月28日晚间，白云机场发布公告称2014年上半年，公司实现营业收入2，681，437，778.79元，较去年同期增长8.9%；实现归属于上市公司股东的净利润524，344，963.94元，较去年同期增长16.17%。上半年影响业绩的主要因素有：1、受东... ,http://www.ccstock.cn/gscy/gongsi/2014-08-28/A1409212155347.html
2014-08-13 14:36,南航登机只需 “滴”身份证,羊城晚报讯以后乘坐南航从广州出发的旅客登机只需“刷”身份证啦！记者昨日从南航获悉，乘坐南航国内航班的旅客只需提前办理网络值机并选定座位，到白云机场（600004）后就可直接凭二代身份证通过安检登机，省去了过去打印登机牌的流程。同样... ,http://stock.10jqka.com.cn/20140813/c566942206.shtml
2014-08-05 10:48,白云机场再花10万 求“航延服务”金点子,出现航班延误后机场应该如何做好服务？如果你有好点子，快向机场贡献！从今天开始，2014年“开放办机场”活动将正式启动，今年将选择备受旅客和社会关注的“不正常航班服务”为主题，拿出10万元面向社会各界征集如何更好地做好“不正常航班服... ,http://stock.10jqka.com.cn/20140805/c566809287.shtml
2014-08-05 10:40,数据看白云机场变迁,白云机场（600004）从2008年提出“创世界十佳服务机场”的设想，仅用两年多的时间就将全球服务排名从97位提升到第7位，并在2010年第四季度成功跻身“世界十佳服务机场”，成为全球服务进步最快的机场之一。2009年11月，白云机场以99.06%的高... ,http://stock.10jqka.com.cn/20140805/c566807453.shtml
2014-07-23 15:17,机场贵宾厅停设 VIP“特权”服务业面临收紧,图/东方IC “杀奢风”即将吹停三大通信运营商设在各大机场的贵宾厅，运营商的营销费用省下了，机场的租金却没了着落，同样受影响的还有一些常年“分羹”高端服务领域的服务公司。业内人士分析，受政策趋势影响，加上整体经济下行，未来... ,http://www.cs.com.cn/xwzx/cj/201407/t20140723_4457084.html
2014-07-01 05:08,白云机场新管理层亮相股东大会,证券时报记者 马宇飞 昨日，在白云机场（600004）（600004）年度股东大会上，公司新一任董事长刘建强与总经理马心航同时亮相，并对市场关注的高铁与民航之争等问题作出回应。在回答证券时报记者关于国企改革的提问时，刘建强表示，白云机场将... ,http://stock.10jqka.com.cn/20140701/c566320320.shtml
2014-07-01 02:24,白云机场将建员工激励机制,6月30日，白云机场（600004）召开2013年年度股东大会，该公司新任董事长刘建强和总经理马心航双双亮相年度股东大会。马心航于当日还被选为公司董事。公开资料显示，6月27日，白云机场原董事长张克俭因工作调整，不再兼任上市公司董事长并向董... ,http://stock.10jqka.com.cn/20140701/c566320236.shtml
2014-07-01 01:28,白云机场 正研究制定员工持股计划,白云机场（600004）6月30日召开2013年年度股东大会。新任董事长刘建强表示，作为国有控股企业，白云机场将积极顺应政策方向开展国企改革，其中员工持股将是未来的改革方向之一，目前正在研究相关激励机制，加强管理层和员工的积极性，激发内... ,http://stock.10jqka.com.cn/20140701/c566320209.shtml
2014-06-30 19:50,白云机场：正在研究制定员工持股计划,白云机场今日(6月30日)召开2013年年度股东大会，包括年度工作报告、聘请公司新任总经理等在内的16项议案均获得通过。根据上级组织安排，白云机场控股股东广东省机场管理集团有限公司董事长张克俭不再兼任白云机场董事长，新任董事长刘建强主... ,http://stock.stockstar.com/SS2014063000003597.shtml
2014-06-27 09:30,广州南站至白云机场明年建城轨,广东省2014年重大项目面向民间投资招标推介会昨天召开，记者从会上了解到，广佛环线广州南站至白云机场段明年开工，向民企招标，工期4年，从南站到机场只设琶洲、金融城、天河客运站等7站，完工后南站到机场的时间将大大缩短。除了广佛... ,http://finance.glinfo.com/14/0627/09/9A2B3893CF8BB177.html
2014-06-26 10:14,白云机场国际1号货站货量增38.89%,近日，笔者从白云机场（600004）获悉，新白云机场国际1号货站启用半年来，运送国际进出港货邮总量达80484吨，比去年同期增长38.89%，大大提升了白云机场现有货物运输保障能力。近年来，白云机场的客流快速增长，白云机场在做好服务的同时，积... ,http://stock.10jqka.com.cn/20140626/c566267704.shtml
2014-06-25 11:42,白云机场：有航班就有空港快线,舒适空调大巴、免费WIFI上网，代客办理酒店预订、“登机直通车”、商业保险等增值服务，不久将来“城市候机楼”还将实现行李直挂、专检通道以及货运快递等全新服务……“搭飞机”坐空港快线已经成为市民的便捷选择。十年前，伴随着新白云机场... ,http://stock.10jqka.com.cn/20140625/c566251767.shtml
2014-06-24 14:46,一男子迪拜归来失踪于白云机场,羊城晚报讯记者杨辉摄影报道：哥哥在迪拜打工，今年3月回国从广州白云机场下飞机后即失踪不见，家人辛苦四处寻亲。6月23日上午11时左右，在广州火车站，一个30多岁、挺着大肚子的少妇向路人派发寻亲启事，寻找其失踪的哥哥。这名少妇自称名叫... ,http://stock.10jqka.com.cn/20140624/c566230978.shtml
2014-05-24 09:54,白云机场取消58个进出港航班,新快报讯记者黄晓嘉通讯员胡方报道强雷雨天气再次袭粤，白云机场（600004）昨日下午启动航班大面积延误黄色预警应急响应。截至昨日19:30，白云机场延误1小时以上航班65班，取消进出港航班58班，其中出港航班34班，进港航班24班，另有2个航班... ,http://stock.10jqka.com.cn/20140524/c565662166.shtml
2014-05-22 10:38,南航过百航班 不同程度延误,新快报讯记者黄晓嘉报道昨日广州的强雷雨天气再次导致白云机场（600004）航班出现不同程度延误情况。据南航方面介绍，截至昨日傍晚6时，南航在广州机场的128个进出港航班受雷雨影响出现不同程度的延误，南航广州总部于傍晚6时启动航班大面积... ,http://stock.10jqka.com.cn/20140522/c565603058.shtml
2014-05-16 14:42,广州新白云国际机场正式启用 空港经济圈将成经济增长引擎,产业发展迈入快车道 广州空港经济圈将成经济增长引擎 2004年，广州新白云国际机场正式启用，十年间，伴随着新白云机场客货运吞吐量急剧提升，在广州北部，一个全新的空港经济圈已崛起。对于花都来说，空港经济圈直接决定着整个... ,http://finance.sina.com.cn/china/dfjj/20140516/143219133272.shtml
2014-05-14 08:19,[路演]白云机场:两方面因素影响公司业务,全景网5月13日讯 广东上市公司网上集体接待日周二下午在全景网举行。白云机场（600004）财务总监莫名贞在活动上表示，公司业务主要受两方面影响，一方面航空性业务定价受政府定价影响，一方面业务发展受硬件设施约束。（彭勃/全景网） 投诉... ,http://www.p5w.net/kuaixun/201405/t20140513_594967.htm
2014-05-06 13:12,广州将建全国最大铁路物流基地，白云机场将受益,大智慧阿思达克通讯社5月6日讯，大智慧通讯社从广铁集团获悉，集团现已启动广州铁路集装箱中心站建设，将打造“大田-北站-机场”三港联动格局，使广州铁空三港成为亚洲最大的物流中心之一，白云机场（600004.SH）有望从中获益。据介... ,http://www.gw.com.cn/news/news/2014/0506/200000340834.shtml
2014-05-06 07:14,广州建全国最大铁路物流基地,"记者昨天从广铁集团获悉,为进一步推广铁空联运模式,广铁集团已全面启动广州铁路集装箱中心站建设,大力打造“大田-北站-机场”三港联动大格局,使广州铁空三港成为全亚洲最大的物流中心之一。广州铁路集装箱中心站位于广州大田,与京广高... ",http://finance.glinfo.com/14/0506/07/6EB39696B953664E.html
2014-04-24 09:04,广州北站至白云机场 要建两条快速路,"广州北站与广州白云机场之间如何衔接一直备受关注。新快报记者昨日获悉,广州拟在广州北站至白云国际机场建快速通道工程。该工程分为两条道路,第一条为东西走向的雅瑶路,第二条为南北走向的新街大道。项目总投资约34.6亿元。广州北站和... ",http://finance.glinfo.com/14/0424/09/4593757E75376838.html
2014-04-19 08:44,通过十部委联合验收 白云机场综保区 未来将叠加自贸区政策,记者17日获悉，广州白云机场（600004）综合保税区（一期）正式通过海关总署、国家发展改革委等十部委的联合验收。这意味着白云机场综保区成为除自贸区外开放层次最高、优惠政策最多、功能最齐全、手续最简化的海关监管区域。本报此前报道，作... ,http://stock.10jqka.com.cn/20140419/c565010424.shtml
2014-04-18 15:22,白云机场综合保税区（1期）通过验收,大智慧阿思达克通讯社4月18日讯，广州白云国际机场综合保税区（一期）昨日通过国家海关总署、国家发展改革委、财政部等十部委的联合验收，标志着白云机场（600004.SH）综保区成为除自贸区外开放层次最高、优惠政策最多、功能最齐全、... ,http://www.gw.com.cn/news/news/2014/0418/200000335900.shtml
2014-04-17 10:38,白云机场 多项商旅服务“惠”旅客,新加坡的张先生就是白云机场（600004）礼宾车租车服务的常客，他是一个商人，生意合作的厂商在中山，每次他都是乘坐早班机从新加坡飞到白云机场，然后乘坐白云机场礼宾车到中山的工厂办理事宜，前后需要司机等候四五个小时，然后再送张先生返... ,http://stock.10jqka.com.cn/20140417/c564973206.shtml
2014-04-15 19:56,发改委专家：粤港澳自贸区将成我国对外开放新高地,核心提示： 设想中的粤港澳自贸区将覆盖中国经济最发达的广东、香港、澳门三个省区，拥有南沙、前海、横琴三大平台和白云机场区，是粤港澳三大地区能实现强强联合打造的自由贸易园区。据经济之声《央广财经评论》报道，随着上海自贸... ,http://jingji.21cbh.com/2014/4-15/0MMDA2NTFfMTEzNTU0Mg.html
2014-04-15 07:38,[公司]白云机场3月旅客吞吐量452万人同比持平,全景网4月14日讯 白云机场（600004）周一晚间披露经营数据简报，3月份公司进出港旅客吞吐量为452.43万人，同比基本持平；货邮吞吐量为12.73万吨，同比增长15.6%。3月份，白云机场进出港飞机起降架次为33804架次，同比增长3.5%。（全景网/王... ,http://www.p5w.net/kuaixun/201404/t20140414_557048.htm
2014-04-08 11:40,白云机场2013年报点评：业绩基本符合预期 维持“中性”评级,"公司公司公告/新闻:白云机场（600004）公告2013年年报:(1)报告期公司实现营业总收入51.41亿元、归属于上市公司股东的净利润8.95亿元、归属于上市公司股东的扣除非经常性损益的净利润为9.16亿元,分别同比增长10.01%、18.84%和13.51%。对应基本... ",http://stock.10jqka.com.cn/20140408/c564790423.shtml
2014-04-04 11:48,白云机场(600004)：业绩符合预期 未来盈利增幅放缓 维持中性,"2013年公司实现主营业务收入51.41亿元,同比增长10.0%,主营业务成本32.61亿元,同比增长14.3%,最终公司实现归属母公司净利润8.95亿元,合每股0.78,同比增长18.8%,基本符合我们和市场的一致预期。公司拟向全体股东每10股派现金3.70元(含税),共派... ",http://stock.10jqka.com.cn/20140404/c564767915.shtml
2014-04-04 09:12,白云机场去年利增19％，拟10派3.7元,大智慧阿思达克通讯社4月4日讯，白云机场（600004.SH）3日晚间公告，公司2013年实现营业收入51.41亿元，同比增长10.01%；归属于上市公司股东的净利润约8.95亿元，同比增长18.84%；基本每股收益0.78元。同时，公司拟向全体股东每10股... ,http://www.gw.com.cn/news/news/2014/0404/200000331175.shtml
2014-04-03 22:52,白云机场去年净利8.9亿 同比增18%,中国证券网讯（记者 曹攀峰） 白云机场4月3日发布2013年年报，数据显示，2013年，该公司创造营收51.4亿元，同比增长10%，创造净利8.9亿元，同比增18.84%。回顾2013年，白云机场表示，共完成飞机起降39.4万架次，旅客吞吐量5245.03万人次，货邮吞... ,http://stock.sohu.com/20140403/n397726356.shtml
2014-04-03 19:38,白云机场去年净利近9亿 增长19%,白云机场(600004)4月3日晚间发布了年报。2013年度，公司实现营业收入51.41亿元，同比增长10%；归属于上市公司股东的净利润8.95亿元，同比增长18.84%；归属于上市公司股东的扣除非经常性损益的净利润9.15亿元，同比增长13.51%；基本每股收益0.... ,http://stock.stockstar.com/SS2014040300004129.shtml
2014-04-03 19:32,白云机场2013年度净利同比增18.84%,"中证网讯 白云机场（600004）4月3日晚间公告表示，公司2013年度实现归属于上市公司股东的净利润为894,957,615.68元，上年同期为753,089,789.84元，同比增18.84%；2013年度基本每股收益为0.78元，上年同期为0.65元，同比增20.00%。（申玉彬）... ",http://stock.sohu.com/20140403/n397722327.shtml
2014-04-03 17:48,白云机场2013年净利润升18.8% 拟10派3.7元,全景网4月3日讯 白云机场(600004)周四盘后披露年报，2013年公司净利为8.95亿元，同比增长18.84%，每股收益为0.78元。拟每10股派现金3.7元(含税)。2013年白云机场营业收入为51.41亿元，同比上升10.01%。报告期内，白云机场完成飞机... ,http://finance.sina.com.cn/stock/s/20140403/170118705152.shtml
2014-04-01 12:22,白云机场昨日仍有过百航班被取消,新快报讯根据白云机场（600004）最新统计数据显示，前日白云机场共取消进出港航班308班，延误航班达144班，另有37班航班备降外地，受影响旅客约2万人次。受持续雷雨天气影响，截至昨日16时30分，白云机场航班大面积延误蓝色预警仍旧生效，延... ,http://news.10jqka.com.cn/20140401/c564703030.shtml
2014-03-31 09:24,深圳新机场变身水帘洞 疑雨水倒灌停车场,南都讯 昨日，受雷暴天气影响，珠三角多个城市的强降雨令广州白云机场、深圳机场、珠海机场等航班运行受到不小的影响。昨日白云机场大面积航班延误，一度启用最高级别的红色预警。至昨晚6时30分情况好转，预警下降至橙色。... ,http://finance.sina.com.cn/chanjing/gsnews/20140331/082018662774.shtml
2014-03-24 10:40,白云机场(600004)：流量增长稳健 营业外支出影响消除,"公司公布2013年业绩快报。实现营业收入51.41亿元,同比增长10.01%,归属母公司净利润8.95亿元,同比增18.8%,实现每股收益0.78元,公司业绩基本符合预期。1)租赁业务短期承压,今年开始增速有望明显提升。从收入增速判断,公司租赁业务由于去年筹备... ",http://stock.10jqka.com.cn/20140324/c564561395.shtml
2014-03-20 22:42,[公司]白云机场去年净利8.95亿元 增长18.84%,全景网3月20日讯 白云机场（600004）周四晚间公告称，2013年公司净利为8.95亿元，同比增长18.84%，每股收益为0.78元。白云机场去年营业收入为51.41亿元，同比增长10.01%。（全景网/刘磊） 投诉 咨询 建议 表扬 求助 其他 主办方欢迎投资者... ,http://www.p5w.net/kuaixun/201403/t20140320_525570.htm
2014-03-17 14:32,深航将在白云机场设高端旅客休息厅,羊城晚报讯记者吕楠芳、通讯员金羊报道：深圳航空广州分公司日前承办今年在白云机场（600004）举行的民航中南地区“3 15”消费者权益日宣传咨询活动，记者从活动现场了解到，深航即将在白云机场建成具有深航特色、岭南风情的高端旅客值机区和... ,http://stock.10jqka.com.cn/20140317/c564455493.shtml
2014-03-11 22:42,[公司]白云机场2月旅客吞吐量451万人 增4.4%,全景网3月11日讯 白云机场（600004）周二盘后披露经营数据简报，2月份公司进出港旅客吞吐量为451.3万人，同比增长4.4%；货邮吞吐量为7.33万吨，同比增长7.4%。2月份，白云机场进出港飞机起降架次为3.21万架次，同比基本持平。（全景网/王汉... ,http://www.p5w.net/kuaixun/201403/t20140311_513205.htm
2014-03-11 18:56,白云机场2月份邮件增长52%,白云机场(600004)3月11日晚间披露了2014年2月生产经营简报。2014年2月，白云机场起降架次进出港合计32089架次，同比增长0.4%；旅客吞吐量4512974人，同比增长4.4%；货邮吞吐量合计73321.8吨，同比增长7.4%，其中邮件5248.6吨，同比增长51.9%。... ,http://stock.stockstar.com/SS2014031100005400.shtml
2014-03-04 10:14,白云机场 提升安保等级,新快报讯记者黄晓嘉通讯员罗志娟赵浩孙志彬报道为了确保广大旅客安全出行，白云机场（600004）从昨日开始加强安全保卫措施，提高安保等级。白云机场方面提醒，安检升级后旅客过安检时间可能有所延长，需要乘机的旅客请尽量提前2个小时抵达机... ,http://stock.10jqka.com.cn/20140304/c564268386.shtml
2014-02-13 08:06,粤港澳自贸区范围有望扩大 白云机场保税区或纳入,中国证券报记者日前获悉，广州白云机场综合保税区有望纳入粤港澳自贸区开放范围。这意味着，此前市场预期的粤港澳自贸区将由南沙新区、前海新区、横琴新区三大区域扩大至四区域。业内人士表示，包括广州南沙新区、深圳前海新区、珠海横琴新区及广州... ,http://news.stcn.com/2014/0213/11163032.shtml
2014-02-08 08:28,因外地机场雨雪天气 白云机场3班出港航班延误,新快报讯记者黄晓嘉通讯员罗志娟祁旭敏林永福报道7日春节假期正式落下帷幕。据白云机场（600004）数据统计，春节黄金周7天，白云机场运送旅客达112万人次，比去年同期107万人次增长5万人次，增幅4.7%左右。虽然春节假期已结束，但机场方面预... ,http://stock.10jqka.com.cn/20140208/c563886648.shtml
2014-02-07 07:22,白云机场昨迎返程最高峰 运客20万人次,讯（记者林洪海通讯员胡方杨志文罗锦德佟雪姣）昨日是春节长假的最后一天，白云机场（600004）迎来了节后返程的最高峰。接送旅客接近20万人次，其中进港旅客超过11万人次，再次刷新白云机场单日客流量的历史最高纪录。预计未来两天客流量仍将... ,http://stock.10jqka.com.cn/20140207/c563871693.shtml
2014-01-29 07:28,除夕 南航增飞56班送团圆,讯（记者林洪海通讯员胡方罗莹李征征詹毅南宣）昨日，白云机场（600004）迎来了节前出行最高峰，昨日全天安排航班1300班。此外记者从南航获悉，今日南航计划增加245班；1月30日计划增加56班；1月31日计划增加82班，加班航班主要集中在广州往... ,http://stock.10jqka.com.cn/20140129/c563839131.shtml
2014-01-01 14:42,白云机场首建商务航空基地,羊城晚报讯记者吕楠芳报道：由广东省机场集团和白云机场（600004）股份公司合资成立的商务航空固定运营基地（FBO）--翼通商务航空服务有限公司日前挂牌成立，有望改变白云机场商务航空服务设施落后和资源紧张的现状。在全新FBO投运及民航相关... ,http://stock.10jqka.com.cn/20140101/c563177831.shtml
2013-12-14 12:14,白云机场成全国第二大机场,讯（记者林洪海通讯员李祖文罗志娟胡方）记者昨日获悉，白云机场（600004）今年年旅客吞吐量正式突破5000万人次，成为全国第二大机场，首次跻身全球“五千万级”机场行列，全球客流量排名更有望晋升至第15位。据悉，搭乘南航广州飞往温哥华航... ,http://stock.10jqka.com.cn/20131214/c562791711.shtml
2013-12-13 15:06,白云机场年客流破5000万广州提升辐射力大有可为,2013年12月12日是白云机场（600004）一个里程碑的日子。一位飞往加拿大温哥华的外籍旅客被认定为今年第5000万个旅客。至此，白云机场再上台阶，成为世界第15大机场，并坐实了中国大陆枢纽机场三甲的地位。据有关方面透露的数据，目前，北京首... ,http://stock.10jqka.com.cn/20131213/c562772901.shtml
2013-12-13 03:58,白云机场客流超5000万,本报广州12月12日电（记者王楚、罗艾桦）12月12日，白云机场（600004）宣布迎来今年第5000万名旅客，正式跻身“五千万级”世界超大型航空枢纽行列。白云机场总经理张育民介绍，每天超过1000多个航班、14万名旅客从这里往返全球180多个城市。... ,http://stock.10jqka.com.cn/20131213/c562753042.shtml
2013-12-10 17:40,[公司]白云机场11月旅客吞吐量同比增长7.3%,全景网12月10日讯 白云机场（600004）周二盘后公告称，11月份，公司进出港旅客吞吐量442.66万人次，同比增长7.3%；起降架次为3.34万次，同比增长7%。11月份，白云机场进出港货邮吞吐量为12.55万吨，同比增长11%。（全景网/刘磊） 投诉 咨询... ,http://www.p5w.net/kuaixun/201312/t20131210_409830.htm
2013-12-10 16:36,白云机场(600004)11月旅客吞吐量为442万人 同比增7.3%,白云机场（600004）12月10日晚间公告，公司2013年11月完成33380架次飞机起降，为去年同期的107%。旅客吞吐量为442万人，为去年同期的107.3%。货邮吞吐量为125482.1吨，为去年同期的111%。分享到： 同花顺声明：本文转载上述内容出于传递更多... ,http://stock.10jqka.com.cn/20131210/c562685556.shtml
2013-11-29 16:35,白云机场“国际1号货站”正式启用,讯(记者林洪海通讯员罗志娟罗莹)11月28日上午10：30，由广州白云国际机场股份有限公司投资6.9亿元建成的“国际1号货站”正式启用。据悉，目前一期已建成货运大楼一座，建筑面积4.3万平方米，出口货物组板仓6座，库区建筑面积3.2万平方米，设... ,http://stock.10jqka.com.cn/20131129/c562443537.shtml
2013-11-16 07:31,北站到白云机场将建轻轨,讯（记者田桂丹实习生钱佳琦）此前有专家提出，广州北站是能够为白云机场（600004）提供辅助推动作用的最佳火车站，北站应该有一条专用的轨道交通和机场衔接。昨日，广州北站地区控制性详细规划（修改）在市规划局网站上公开征询意见。根据新... ,http://stock.10jqka.com.cn/20131116/c562298570.shtml
2013-11-12 19:10,机场行业景气度持续向好,中国证券网讯（记者 赵一蕙）白云机场今日发布了10月生产经营数据。公司单月起降架次3.39万架次，同比增长4.6%；旅客吞吐量456万人次，同比增长8%；货邮吞吐量合计11.85万吨，同比增长12.4%。这一格局延续了前三季度的良好势头。上半年，白云机场... ,http://stock.sohu.com/20131112/n390019183.shtml
2013-11-07 16:30,白云机场(600004)：流量增速稳健 去年4季度营业外支出...,"公司公布2013年3季报。实现营业收入37.97亿元,同比增长9.73%,营业成本24.98亿元,同比增长15.2%,归属母公司净利润6.65亿元,同比增15.34%,实现每股收益0.578元,公司业绩符合我们的预期。流量较快增长叠加受益收费并轨,航空业务预计稳健增长 公... ",http://stock.10jqka.com.cn/20131107/c562197249.shtml
2013-10-30 14:54,白云机场(600004)：前三季度业绩增长15% 新航站楼建设...,"2013年前3季度,营业收入38亿元,同比增长10%,较中报的8%有所提升;归属母公司净利润6.65亿元,同比增长15%,EPS为0.58元;第3季度,营业收入同比增长14%,归属母公司净利润同比增长14%。2013年3季报业绩分析:第3季度,营业成本及销售费用增长明显 我... ",http://stock.10jqka.com.cn/20131030/c562081991.shtml
2013-10-30 07:28,火灾过后 白云机场排查隐患,讯（记者林洪海通讯员罗志娟胡方）昨日上午，广东机场集团就白云机场（600004）日前航站楼发生火灾后续情况发布最新消息，包括白云机场在内的广东机场集团所辖成员机场，将吸取“10 27”火灾事故教训，全方位开展安全大检查和安全整顿工作，... ,http://stock.10jqka.com.cn/20131030/c562069105.shtml
2013-10-29 21:28,[季报]白云机场前三季净利6.65亿 同比增长15%,全景网10月29日讯 白云机场（600004）周二晚间发布三季报，2013年1-9月公司实现净利润6.65亿元，同比增长15.34%。基本每股收益0.578元。前三季度，公司实现营业收入37.97亿元，同比增加9.73%。公告显示，期内白云机场净利增长主要在于公司营业收... ,http://stock.sohu.com/20131029/n389173794.shtml
2013-10-29 10:20,广州白云机场(600004)起火致26个航班延误,据《羊城晚报》、人民网（603000）消息来自广州白云机场（600004）的最新消息，经调查，10月27日航站楼内起火的原因，被初步判断为广告牌施工人员操作不慎，引起航班电子显示屏周边物品燃烧，在电子显示屏后方最先引起明火，并引发大量烟雾。... ,http://stock.10jqka.com.cn/20131029/c562042193.shtml
2013-10-22 11:00,机场费征收20年的秘密：5成返公司 挣钱就靠它,21世纪网讯 自从机场费征收以来，饱受人们的诟病与声讨。2012年，机场建设费变身为民航发展基金，更被外界解读为“换汤不换药”之举，以延长收费期限。白云机场、首都机场和美兰机场[微博]这三家机场上市时经财政部特批，机... ,http://finance.sina.com.cn/chanjing/cyxw/20131022/104917068819.shtml
2013-10-15 07:06,实行重大行政决策目录管理加快推动白云机场货运发展,14届87次市政府常务会议昨召开 本报讯 （记者徐海星 通讯员穗府信）昨天下午，广州市市长陈建华 主持召开市政府常务会议，审议并原则通过了《广州市重大行政决策目录管理试行办法》、《关于加快推动白云机场货运发展工作意见》、《关于完善农转居人员... ,http://finance.qq.com/a/20131015/002040.htm
2013-10-15 07:04,广交会来临 机场的士紧,本报讯 （记者李妍 通讯员罗锦德）2013年秋季广交会第一期即将开幕，据白云机场停车场管理分公司的消息，来机场接客的出租车远不能满足来穗参展客商的乘车需求。白云机场呼吁各位的哥积极来机场接客，同时也建议各参展商乘坐大巴或者地铁离开机场。另... ,http://finance.qq.com/a/20131015/001953.htm
2013-10-15 07:04,加快推动白云机场货运发展,本报讯 （记者倪明 通讯员穗府信）昨日，市政府常务会审议通过《机场货运发展意见》，广州将研究出台支持白云机场货运发展扶持政策、出台措施支持发展多式联运。市交委副主任颉亚林表示，白云机场是全国三大国际航空枢纽机场之一。但与北京、上海等地... ,http://finance.qq.com/a/20131015/001966.htm
2013-10-14 20:54,白云机场(600004)9月进出港427万人次 增长8.5%,白云机场（600004）10月14日晚间披露9月生产经营简报。9月，公司进出港合计完成32063起降架次，旅客吞吐量4272101人次；货邮吞吐量119741.7吨(其中货物112759.1吨、邮件6982.6吨)，分别是去年同期的105.1%、108.5%、101.0%。... ,http://stock.10jqka.com.cn/20131014/c559346464.shtml
2013-10-14 18:00,[公司]白云机场9月旅客吞吐量同比增长8.5%,全景网10月14日讯 白云机场（600004）周一盘后公告称，9月份公司进出港旅客吞吐量427.21万人，同比增长8.5%；进出港货邮吞吐量为11.97万吨，同比增长1%；进出港飞机起降为32063架次，同比增长5.1%。（全景网/刘磊） 投诉 咨询 建议 表扬 求... ,http://www.p5w.net/kuaixun/201310/t20131014_334300.htm
2013-09-13 03:14,白云机场：2013年08月生产经营数据简报,证券代码：6 0 0 0 0 4 股票简称：白云机场广州白云国际机场股份有限公司2013 年 08 月生产经营数据简报本公司及董事会全体成员保证公告内容的真实、准确和完整，对公告的虚假记载、误导性陈述或者重大遗漏负连带责任。白云机场 2013 ... ,http://stock.stockstar.com/notice/JC2013091300000051.shtml
2013-08-30 05:36,广州白云国际机场股份有限公司2013半年度报告摘要,1.1 本半年度报告摘要来自半年度报告全文，投资者欲了解详细内容，应当仔细阅读同时刊载于上海证券交易所网站等中国证监会指定网站上的半年度报告全文。1.2 公司简介股票简称 白云机场 股票代码 600004 股票上市交易所 上海证券交易所 联系人和联... ,http://stock.sohu.com/20130830/n385426336.shtml
2013-08-29 16:44,白云机场：2013年半年度报告,2013 年半年度报告重要提示一、 本公司董事会、监事会及董事、监事、高级管理人员保证半年度报告内容的真实、准确、完整，不存在虚假记载、误导性陈述或重大遗漏，并承担个别和连带的法律责任。二、 公司全体董事出席董事会会议。三、 ... ,http://stock.stockstar.com/notice/JC2013082900003463.shtml
2013-08-13 17:26,[公告]白云机场：2013年07月生产经营数据简报,证券代码：600004 股票简称：白云机场广州白云国际机场股份有限公司2013年07月生产经营数据简报本公司及董事会全体成员保证公告内容的真实、准确和完整，对公告的虚假记载、误导性陈述或者重大遗漏负连带责任。白云机场2013年07月生产经营数据简报项 目起... ,http://stock.cfi.cn/p20130813001244.html
2013-06-27 18:38,白云机场：第五届监事会第一次（临时）会议决议公告,证券代码：600004 股票简称：白云机场 公告编号：2013－022广州白云国际机场股份有限公司第五届监事会第一次（临时）会议决议公告本公司及监事会全体成员保证公告内容的真实、准确和完整，对公告的虚假记载、误导性陈述或者重大遗漏负... ,http://stock.stockstar.com/notice/JC2013062700003340.shtml
2013-06-27 18:36,白云机场：第五届董事会第一次（临时）会议决议公告,本次会议通知于 2013 年 6 月 17 日以专人送达、电子邮件、电话的形式送达各董事及其他参会人员。本次会议应到董事 11 名，实到董事 11 名，符合《公司法》和公司《章程》的有关规定。本次会议审议并通过了如下决议：一、 关于选举张克... ,http://stock.stockstar.com/notice/JC2013062700003361.shtml
2013-06-17 18:38,白云机场：2012年度股东大会会议资料,广州白云国际机场股份有限公司2012 年 度 股 东 大 会 会 议 资 料2013 年 6 月 27 日材 料 目 录1. 会 议 须 知 ....................................... 12. 会 议 议 程 ....................................... ,http://stock.stockstar.com/notice/JC2013061700003714.shtml
2013-03-28 08:24,广州白云国际机场股份有限公司2013年度业绩快报公告,本公司董事会及全体董事保证本公告内容不存在任何虚假记载、误导性陈述或者重大遗漏，并对其内容的真实性、准确性和完整性承担个别及连带责任。本公告所载2012年度主要财务数据为初步核算数据，未经会计师事务所审计，具体数据以公司2012年年度报... ,http://stock.sohu.com/20130328/n370686946.shtml
2013-03-07 05:18,三个月后白云机场一碗面仍卖四五十元,限价20元以下的一星餐馆难觅踪影，二星餐馆比例偏低，部分悄然升级到三星，个别餐饮价格悄涨近一成去年11月新快报曾耗时月余对广州白云国际机场（简称白云机场）的高消费状态进行摸底，得到的结果是“价格星级管理制度形同虚设”。2012年11... ,http://money.163.com/13/0307/02/8PB3AHQF00253B0H.html
2013-01-14 18:18,白云机场2012年12月货邮吞吐量11.09万吨 同比增长101.3%,14日晚间，广州白云国际机场股份有限公司发布2012年12月生产经营数据简报。简报显示，2012年12公司旅客吞吐量为409.47万人次，同比增长108.6%；货邮吞吐量为11.09万吨，同比增长101.3%；起降飞机3.15万架次，同比增长105.7%。... ,http://info.glinfo.com/13/0114/17/AF0C840FB3EF0AA7.html
2012-10-29 20:42,白云机场第三季度净利润同比增长12.41%,29日晚间，广州白云国际机场股份有限公司发布2012年第三季度报告。报告显示，2012年第三季度归属于上市公司股东的净利润1.87亿元，与去年同期相比增长12.41%。其中，1-9月公司归属于上市公司股东的净利润5.76亿元.... ,http://info.glinfo.com/12/1029/18/751A629D3C6270BA.html
2012-09-29 18:12,无私奉献——记白云机场物流CTOC主管霍智辉,民航资源网2012年9月29日消息：广州白云国际机场，在货运指挥枢纽运行控制中心（CTOC），每天都能看到一位穿着货运制服，手持一部对讲机，协调、调度工作的工作人员，他就是广州白云国际机场股份有限公司航空物流服务分公司（简称“航空物流服务... ,http://news.hexun.com/2012-09-29/146409724.html
2012-08-28 20:52,白云机场上半年净利超3.8亿  同比增长18.58%,8月28日晚间，广州白云国际机场股份有限公司发布2012年半年度报告。报告期内，2012年上半年白云机场归属于上市公司股东的净利润超3.8亿元，与去年同期相比增长18.58%，上半年机场完成飞机起降18.34万架次，旅客吞吐量2355.50万人次，货邮... ,http://info.glinfo.com/12/0828/17/FD4A614D6C2B2B78.html
2012-06-26 16:48,广州要再建一个机场？将纳入研究范围！,除了白云国际机场，广州还要再建一个机场？在昨日举行的广州白云国际机场股份有限公司2011年度股东大会上，广东省机场管理集团公司董事、总经理、党委副书记张克俭回应称：“这个将纳入我们的研究范围。”此外，股东大会还审议通... ,http://finance.jrj.com.cn/industry/2012/06/26154713593409.shtml
2012-06-05 16:58,猕猴在白云机场坐飞机物流分公司全力保障,民航资源网2012年6月5日消息：2012年5月23日，广州白云国际机场物流分公司货站迎来了一只可爱的国家二级保护动物猕猴。猕猴是中国最常见的一种猴类，因其适应性强，容易驯养繁殖，生理上与人类较接近的特点，通常被作为生物学、心理学、医学等多... ,http://news.hexun.com/2012-06-05/142134580.html
2012-05-14 23:32,[公告]白云机场：2012年04月生产经营数据简报,"证券代码:600004 股票简称:白云机场广州白云国际机场股份有限公司2012年04月生产经营数据简报本公司及董事会全体成员保证公告内容的真实、准确和完整,对公告的虚假记载、误导性陈述或者重大遗漏负连带责任。... ",http://stock.cfi.cn/p20120514001889.html
2012-05-04 11:29,“广东省模范职工之家”落户白云机场物流,"据了解,机场物流公司是一个有着1000多名员工的大家庭。尽管如此,物流公司凭借求真务实,勇于探索,大胆创新的工作作风积极开展建家工作,取得了显著成绩。2011年,物流公司通过完善50项公司级制度,133项部门级制度,实现了公司万事千事定规,部门千事百... ",http://news.hexun.com/2012-05-04/141070628.html
2012-04-25 16:58,[路演]白云机场:公司发展瓶颈在于设备设施不足,全景网4月25日讯 广东地区上市公司投资者集体接待日今天下午在全景网举行，白云机场（600004）监事会主席陈汝贞表示，公司发展的瓶颈在于设备设施不足。（全景网/何碧玉）... ,http://stock.hexun.com/2012-04-25/140790400.html
2012-04-13 02:44,白云机场：2012年03月生产经营数据简报,"股票简称:白云机场广州白云国际机场股份有限公司2012 年 03 月生产经营数据简报本公司及董事会全体成员保证公告内容的真实、准确和完整,对公告的虚假记载、误导性陈述或者重大遗漏负连... ",http://data.eastmoney.com/notice/Notice_Detail.aspx?code=600004&id=1172dc95-0fc0-873a-d652-69bb39cc964c
2012-03-16 07:50,沪深股评：白云机场盈利略超预期,"白云机场(600004.ss)2011年实现营业收入42.39亿元(人民币,下同),同比增长9.67%,营业成本26.54亿元,同比增长8.23%,营业成本增速低于营业收入增速,导致公司2011年实现净利润6.97亿元,折合每股收益0.61元,同比增长约19.61%,净利润增长略超我们的... ","http://888.taihainet.com/1357/120316/11986130,00.php"
2012-03-15 11:26,白云机场：2011年度独立董事工作报告,"2011 年度独立董事工作报告 求,作为广州白云国际机场股份有限公司现任独立董事,对 2011 年 一、参加董事会的出席情况 的专业性意见,做出了客观、公正的判断,对董事会的科学决策和公 2011 年度独立董事的会议出席情况: 独立董事姓名 ... ",http://stock.stockstar.com/notice/JC2012031500003363.shtml
2012-02-17 22:55,白云机场：2012年01月生产经营数据简报,"广州白云国际机场股份有限公司 2012 年 01 月生产经营数据简报 本公司及董事会全体成员保证公告内容的真实、准确和完整,对公 白云机场2012 年 01 月生产经营数据简报 进出港合计 去年同期 29994.0 3682360.0 100154.7... ",http://stock.stockstar.com/notice/JC2012021700005869.shtml
2012-01-29 16:39,白云机场货站与客户并肩创佳绩　携手迎新春,"2012年1月9日,正值农历新年到来之际,为答谢为白云机场航空物流服务业发展作出突出贡献的广大航空公司客户、货代公司客户、联检等兄弟单位,白云机场航空物流服务分公司在铂尔曼酒店隆重召开2012年新春客户联谊会,莅临联谊会活动的有广州海关、检验检疫... ",http://news.carnoc.com/list/212/212133.html
2012-01-23 18:27,白云机场迎来“出境游”高峰　新服务受欢迎,"民航资源网2012年1月23日消息:新年伊始,广州白云国际机场(简称“白云机场”)一早就迎来了团体旅客春节游高峰,其中以出境游的团队最多,仅省中旅一家今天就有40多个出境团,尤其是日、韩、新马泰等东南亚热门线路更是火暴异常。白云机场推出的“团体旅客... ",http://news.carnoc.com/list/211/211897.html
2012-01-19 18:04,白云机场货站创造国内货物安全保障历史新高,"2008年至2011年,白云机场国内货站持续有效地开展了两期改造工程,年处理能力由20万吨增长至44万吨,使原本处理能力严重饱和的国内货站获得了极大的增长空间,为货量持续增长奠定了有力的硬件基础。 2008年白云机场国内货站成立之初,仅仅是一个卡布隆仓库... ",http://news.carnoc.com/list/211/211587.html
2012-01-13 13:42,白云机场商业布局全新亮相　老字号走进机场,"自2004年转场以来,白云机场一直致力于打造多元化的商业格局,在餐饮、商业、休闲、娱乐等方面持续推出服务新举措,以满足不同旅客的消费需求。我们将它定位为饮食休闲购物中心,主要集中大众品牌、餐饮、连锁商店,如国内一、二线品牌及知名连锁零售店、... ",http://news.carnoc.com/list/210/210809.html
2012-01-12 23:22,[公告]白云机场：2011年12月生产经营数据简报,"证券代码:600004 股票简称:白云机场广州白云国际机场股份有限公司2011年12月生产经营数据简报本公司及董事会全体成员保证公告内容的真实、准确和完整,对公告的虚假记载、误导性陈述或者重大遗漏负连带责任。... ",http://stock.cfi.cn/p20120112001721.html
2011-12-26 17:38,50辆豪华礼宾车投入白云机场春运贵宾服务,"预计2012年春节前,白云机场贵宾服务投入的高档车型将增至50台,为VIP旅客提供机舱门口到住地的“门对门”尊贵享受,受到商务旅客和商务接待市场的追捧。 目前,白云机场礼宾车队规模阵容庞大,不仅有奔驰、凯迪拉、还有别克等车型,还将陆续与高端商务车合... ",http://news.carnoc.com/list/209/209124.html
2011-12-26 16:24,新生代农民工圆梦 白云机场8员工敲开大学校门,"民航资源网2011年12月26日消息:“劳动创造价值,奋斗成就人生”,12月12日下午,广州白云国际机场股份有限公司商旅服务有限公司8名“圆梦计划”学员同全省1000余学员代表一道,共同参加了“圆梦计划”2011年广东万名新生代农民工入学典礼。 据悉,白云机场... ",http://news.carnoc.com/list/209/209107.html
2011-12-26 16:24,白云机场离境购物完美体验：购物无须“格价”,"图1:白云机场免税店。 据悉,白云机场的免税店主要由中国最大的奢侈品运营商中国免税品集团公司与白云机场拥有30年免税经营经验的专业公司合作经营,旅客经过安检、海关后就能看到国际品牌分布在长廊两侧。图2:白云机场免税店。 图3:旅客在白云机场免税... ",http://news.carnoc.com/list/209/209095.html
2011-12-23 11:44,新加坡广州航班开通　白云机场添低成本航线,"民航资源网2011年12月23日消息:2011年12月23日,广州白云国际机场再添一家低成本航空公司——新加坡捷星航空公司,将执行新加坡——广州——新加坡定期客运航班,该航班执飞机型为空中客车A320,到达广州时间为00:40,广州起飞时间为01:20航线。截止目前,... ",http://news.carnoc.com/list/208/208892.html
2011-12-21 12:38,“实用新型专利证书”落户广州白云机场物流,"民航资源网2011年12月20日消息:近日,笔者从广州白云国际机场(简称“白云机场”)获悉,白云机场物流公司自主研发的“集控器存放架”新型机场地面设备,获得国家知识产权局授权的“实用新型专利证书”,是机场方面加强科技物流流程创新,提高服务效率的又一... ",http://news.carnoc.com/list/208/208690.html
2011-12-14 13:00,在平凡中收获快乐：白云机场安检百灵鸟班组,"图1:广州白云机场安检护卫部百灵鸟班组。 民航资源网2011年12月14日消息:11月9日,《中国民航报》刊登的一篇题为《一封迟到的感谢信》的文章,表达了旅客程小姐对白云机场安检员优质服务的赞扬,同时也让信中所描述的当时执行检查的安检班组--白云机场安... ",http://news.carnoc.com/list/208/208064.html
2011-12-14 02:50,白云机场,"股票简称:白云机场 广州白云国际机场股份有限公司第四届董事会 根据公司《章程》规定,由公司董事长召集,广州白云国际机场股份有限公司第四届董 事会... ",http://data.eastmoney.com/notice/Notice_Detail.aspx?code=600004&id=159eef36-482c-d48d-f3be-aa6384472700
2011-12-13 22:50,[公告]白云机场：2011年11月生产经营数据简报,... ,http://stock.cfi.cn/p20111213001845.html
2011-12-13 21:56,“白云机场”公布第四届董事会第十一次(临时)会议决议公告,广州白云国际机场股份有限公司第四届董事会第十一次（临时）会议于2011年12月11日－13日召开，会议审议并通过了《关于增加900万元固定资产投资购买运输车辆的议案》、《关于组织架构及人员编制微调的议案》、《内幕信息知情人登记管理制... ,http://www.p5w.net/stock/ssgsyj/hsgg/201112/t3986158.htm
2011-12-13 18:36,10年青春无悔：记白云机场“美容师”李寿文,"人物简介:李寿文,男,36岁,现任广州白云国际机场清洁卫生服务有限公司场区保洁部副分队长兼司机。广州白云国际机场航站楼周边公共道路面积达35万平方米,保洁工作量相当大。为做好公共道路保洁工作,广州白云国际机场清洁卫生服务有限公司场区保洁部副分... ",http://news.carnoc.com/list/207/207998.html
2011-12-08 21:38,航天科工与广州白云国际机场签订战略合作协议,"日前,中国航天科工二院206所获得了广州白云国际机场股份有限公司激光读码系统项目订单。 在获悉广州白云国际机场物流网项目需求后,206所立即与国外厂商及广州方面开展接洽沟通,其技术能力和资信实力获得白云国际机场的高度认可,... ",http://www.sasac.gov.cn/n1180/n1226/n2410/n314304/14139374.html
2011-12-08 11:06,波音787“梦想之旅”全球巡展首抵白云机场,"波音公司787要抵达羊城!这也是波音787第一次飞中国的巡展,中国是首发站。据白云机场工作人员介绍,波音787航班性能比较先进,通用性较强,其所有保障设备(拖把、拖车等)都可以与波音767航班共用,机位方面E类机位也可以满足787停放,白云机场本场E类机位资... ",http://news.carnoc.com/list/207/207521.html
2011-11-24 15:52,广州白云机场货站货物通关全面提速多方共赢,"民航资源网2011年11月23日消息:2011年,白云机场货站以打造国内最安全最快捷航空货站为目标,高姿态投入到提高通行能力的“大通关”建设中。10月1日,货站创新地推出便捷式通关服务,为汉莎货机中转航班提供“一站式”通关服务,货物通关全面提速。 德国汉... ",http://news.carnoc.com/list/206/206367.html
2011-11-22 17:46,广州白云机场货站严抓管理　打造安全货运站,"民航资源网2011年11月22日消息:为创建规范有序的货物运输环境,打造最安全、快捷的航空货运站,自11月1日起,白云机场货站全面开展“货站库区管理秩序专项整治工作”,强化现场监管力度,在库区内张贴各类宣传标语,制作活动宣传手册,对所有进出白云机场货... ",http://news.carnoc.com/list/206/206160.html
2011-11-16 02:32,[公告]白云机场：2011年10月生产经营数据简报,... ,http://stock.cfi.cn/p20111115001922.html
2011-11-15 17:02,扬子江快运成功开通广州——台北货运航线,"凌晨04:00,扬子江快运航空有限公司(Yangtze River Express,简称“扬子江快运”)首架直飞台北桃园机场的货运航班从广州白云国际机场(简称“白云机场”)准点起飞,这标志着扬子江快运正式执飞台北货运航线,也成为首家直飞台北的内地货运航空公司,首航运... ",http://news.carnoc.com/list/205/205475.html
2011-11-10 17:38,自行车上的巡岗主任—记白云机场货站梁超金,"民航资源网2011年11月10日消息:如果你出入过白云机场货站,那么就一定见过他;如果你在白云机场货站上班,那么无论你是那个单位的,一定认识他;如果你是白云机场货站的客户,那么你一定享受过他的劳动成果……在常人眼里,他是铁人;他,就是白云机场航空物流... ",http://news.carnoc.com/list/205/205145.html
2011-11-10 12:54,白云机场飞行签派员赴深航培训中心进行复训,"民航资源网2011年11月10日消息:根据民航局《签派员执照管理规定》CCAR121部中对机场签派员复训的要求,广州白云国际机场运行指挥中心签派协调部计划于11月7日起,分四批组织部门18名签派员前往深航培训中心复训。 此次复训以波音737系列机型为主,课程既... ",http://news.carnoc.com/list/205/205086.html
2011-11-04 17:14,交易会期间 广州白云机场客流量超270万人次,"民航资源网2011年11月4日消息:笔者从广州白云国际机场(简称“白云机场”)获悉,第110届广交会期间(10月15日-11月4日),白云机场保障进出港航班超过2万架次,平均每日995架次,保障进出港旅客约270万人次,平均每日12.9万人次。 交易会一期,白云机场共保障... ",http://news.carnoc.com/list/204/204657.html
2011-11-02 18:54,广州白云机场礼宾车交易会期间倍受外宾追捧,"民航资源网2011年11月2日消息:交易会期间,广州白云国际机场(简称“白云机场”)礼宾车受到外商追捧,服务量掹增,从日均50趟次提升到日均百余趟次,其中90%以上客户为外宾。 除了单独预订,白云机场商旅公司还推出了“住酒店送礼宾车”的活动,入住指定五星... ",http://news.carnoc.com/list/204/204502.html
2011-10-27 22:07,南航A380首次商业飞行的盛大接机仪式,"民航资源网2011年10月18日消息:中国南方航空股份有限公司(China Southern Airlines Company Limited,简称“南航”)空中客车A380飞机于17日上午10:16从北京起飞飞往广州,执行第一个商业载客飞行任务,于北京时间13:00稳稳的降落在广州白云国际机场(简称... ",http://news.carnoc.com/list/203/203240.html
2011-10-27 20:37,智能登机口、肥版摆渡车　白云机场热迎A380,"笔者从白云机场获悉,以A380到来为契机,白云机场安检信息系统全面升级,并从今(13)日起正式投入使用。护照检验判断”,大大提高了安检服务效率,将惠及所有在白云机场出发的旅客。 一是登机口智能判断:目前,白云机场出发厅分为A区、B区,不同区域有不同的... ",http://news.carnoc.com/list/202/202865.html
2011-10-27 20:37,白云物流公司排万难　确保货物运输安全高效,"民航资源网2011年10月12日消息:2011年9月26日下午,白云机场物流公司国际部进口操作室迎来国庆节前的货量高峰期。13点30分,取货人员陆续聚集于进口营业大厅排队办理单证,随着人潮迅速增大,进口操作室值班班长马上执行室内原定的“应高峰”措施:1.办单... ",http://news.carnoc.com/list/202/202901.html
2011-10-27 19:21,迎接世界最大客机A380　白云机场准备好了！,"作为首架在白云机场执飞的大型客机,为了迎接这个“巨无霸”,白云机场表示已经全力以赴配合中国南方航空股份有限公司(China Southern Airlines Company Limited,简称“南航”)做好各项运营保障准备,并在登机流程和相关服务上确保旅客顺畅。 这种多机位... ",http://news.carnoc.com/list/202/202646.html
2011-10-27 18:27,广州白云国际机场员工拾金不昧　获旅客赞誉,"当在为一个从北京飞来的航班搞清洁卫生时,突然,她发现小桌板底下夹着一个四四方方黑色的东西,粗略一看,貌似书本黑色的封底页,小张丝毫不放松这点异常,凑前用手一摸,原来这压根就不是书,而是一台笔记本电脑。 得知是笔记本电脑后,小张第一反应是笔记本... ",http://news.carnoc.com/list/202/202394.html
2011-10-27 18:00,广州白云国际机场将平稳度过“十一”黄金周,"民航资源网2011年10月7日消息:据广州白云国际机场(简称“白云机场”)有关单位获悉,截止至10月6日,白云机场出港旅客的快速增长也带来出港行李量大幅增长,行李系统共处理出港行李量达到2.42万件,同比去年增长了21.9%,延误率同比去年大降了97.7%,为国庆... ",http://news.carnoc.com/list/202/202176.html
2011-10-27 17:52,国庆长假前3天 广州白云机场客流量超过37万,"民航资源网2011年10月3日消息:笔者从广州白云国际机场(简称“白云机场”)获悉,国庆长假第三天客流有所回落,10月3日计划进出港航班873班,比昨日实际执飞航班976班减少了10%左右,预计客流将回复白云机场日常客流水平。白云机场商旅公司售票处介绍,今天... ",http://news.carnoc.com/list/202/202107.html
2011-10-27 17:47,4日起白云机场机票最低3折　旅客出游正当时,"民航资源网2011年10月3日消息:笔者从广州白云国际机场(简称“白云机场”)了解到,假期前三天机票比较紧张,热门航线有海口、三亚、桂林、厦门、武夷山、宜昌、武汉、长沙、张家界、杭州、上海等。为了更好地服务旅客出行,白云机场售票处还增设“电话候... ",http://news.carnoc.com/list/202/202065.html
2011-10-27 17:47,国庆黄金周首日　南航白云机场迎来客流高峰,"笔者从中国南方航空股份有限公司(China Southern Airlines Company Limited,简称“南航”)方面获悉,10月1日南航广州始发旅客达到3.6万人次,其中早上10点以前的出港旅客接近1.1万人次,是平时的1.5倍。当天,南航广州始发航班的平均客座率为97%,其中广州... ",http://news.carnoc.com/list/202/202062.html
